filename,HBcount,HBless1SD,HBless1.1SD,HBless1.5SD,dehydronCount,totalAtomsInPDB,totalAtomsInHBDD,totalUniqueAtomsInDDD,totalUniqueAtomsInHBDD
2Z3V_A.pdb,22,3.4903,2.992,1.474,17,2099,2702,2002,1494
2ONQ_A.pdb,18,2.8557,2.448,1.206,10,875,2120,1096,700
3DP5_A.pdb,3,0.47595,0.408,0.201,1,1425,396,122,217
1KFW_A.pdb,153,24.27345,20.808,10.251,67,6401,21120,7984,5975
1B8A_A.pdb,176,27.9224,23.936,11.792,40,7164,24516,4566,6250
1AYO_A.pdb,63,9.99495,8.568,4.221,19,2035,8469,2228,1878
1ESW_A.pdb,168,26.6532,22.848,11.256,49,7974,23369,5808,7324
1F2R_C.pdb,29,4.60085,3.944,1.943,14,1762,4862,2078,1389
1L6W_A.pdb,64,10.1536,8.704,4.288,31,3286,8332,3390,2869
1GUI_A.pdb,81,12.85065,11.016,5.427,28,2389,11046,3476,2293
1BHP_A.pdb,10,1.5865,1.36,0.67,8,685,1211,929,514
2V8T_A.pdb,98,15.5477,13.328,6.566,39,4661,13132,4436,4082
1E6Y_E.pdb,171,27.12915,23.256,11.457,72,6341,23944,9069,5936
1G10_A.pdb,45,7.13925,6.12,3.015,17,2122,7314,2470,1784
1AJS_A.pdb,128,20.3072,17.408,8.576,42,6492,17496,5091,5877
1EDG_A.pdb,103,16.34095,14.008,6.901,38,5930,13919,4496,5021
1HTW_A.pdb,57,9.04305,7.752,3.819,18,2510,7503,2128,2289
2ZCF_B.pdb,73,11.58145,9.928,4.891,33,3220,9417,3604,2801
1I5G_A.pdb,49,7.77385,6.664,3.283,15,2265,6883,1751,2050
3GD8_A.pdb,60,9.519,8.16,4.02,22,3340,8474,2683,2805
1G6X_A.pdb,20,3.173,2.72,1.34,5,888,2529,524,750
3EPV_A.pdb,23,3.64895,3.128,1.541,16,1713,2799,1807,1395
1K5N_A.pdb,127,20.14855,17.272,8.509,51,4355,17239,6260,4035
1G9J_A.pdb,196,31.0954,26.656,13.132,72,9659,26995,8708,8667
1NPI_A.pdb,24,3.8076,3.264,1.608,11,926,2938,1218,846
1MJN_A.pdb,42,6.6633,5.712,2.814,17,2865,5669,2052,2334
1G85_A.pdb,74,11.7401,10.064,4.958,36,2544,9603,4371,1954
256B_A.pdb,26,4.1249,3.536,1.742,17,1650,3267,1977,1321
1KOY_A.pdb,29,4.60085,3.944,1.943,18,1332,4815,2734,1233
3BO6_A.pdb,76,12.0574,10.336,5.092,31,3405,10282,3667,2974
2PWA_A.pdb,90,14.2785,12.24,6.03,41,3961,12622,5201,3654
2Z2F_A.pdb,45,7.13925,6.12,3.015,27,1966,5792,3213,1720
1EE8_A.pdb,109,17.29285,14.824,7.303,36,4232,15249,4427,3980
3F4W_A.pdb,69,10.94685,9.384,4.623,22,3234,9568,2514,2909
1E9K_A.pdb,10,1.5865,1.36,0.67,8,830,1744,1370,547
1MB4_A.pdb,119,18.87935,16.184,7.973,51,5675,15991,5932,5138
1G9H_A.pdb,154,24.4321,20.944,10.318,71,6615,20842,8633,6170
2PLX_B.pdb,5,0.79325,0.68,0.335,4,419,523,398,322
2YWO_A.pdb,56,8.8844,7.616,3.752,18,2944,7592,2042,2586
1N7S_B.pdb,11,1.74515,1.496,0.737,8,1078,1271,879,712
1EAX_A.pdb,152,24.1148,20.672,10.184,63,3638,19779,7000,3467
2JG6_A.pdb,64,10.1536,8.704,4.288,19,2987,8529,2150,2638
3C7F_A.pdb,220,34.903,29.92,14.74,54,7114,31455,6572,6709
3FF5_A.pdb,13,2.06245,1.768,0.871,8,870,1487,815,713
1BOR_A.pdb,9,1.42785,1.224,0.603,4,831,1181,437,583
2NN8_A.pdb,81,12.85065,11.016,5.427,21,2224,11150,2608,2122
1BGF_A.pdb,26,4.1249,3.536,1.742,9,2046,3398,1006,1531
1H0H_B.pdb,68,10.7882,9.248,4.556,29,3236,9171,3468,2839
3BZY_B.pdb,25,3.96625,3.4,1.675,6,1354,3150,623,1118
2RCT_A.pdb,5,0.79325,0.68,0.335,3,2290,682,372,312
2VAY_B.pdb,7,1.11055,0.952,0.469,4,388,837,431,335
1K63_A.pdb,87,13.80255,11.832,5.829,27,4584,12260,3333,4106
2W8B_B.pdb,180,28.557,24.48,12.06,54,6061,25361,6549,5595
2PBR_A.pdb,57,9.04305,7.752,3.819,20,3230,7877,2346,2803
1NYJ_A.pdb,0,0.0,0.0,0.0,0,405,0,0,0
1DHN_A.pdb,47,7.45655,6.392,3.149,19,1928,6218,2318,1673
3EUO_A.pdb,142,22.5283,19.312,9.514,62,5702,19850,7942,5244
2PSP_A.pdb,31,4.91815,4.216,2.077,14,1598,3883,1545,1447
1CZP_A.pdb,38,6.0287,5.168,2.546,11,1445,5125,1224,1323
2PI6_A.pdb,115,18.24475,15.64,7.705,42,5680,15967,4956,5163
1HJ0_A.pdb,19,3.01435,2.584,1.273,17,902,2728,2389,818
1EHS_A.pdb,14,2.2211,1.904,0.938,11,936,2059,1567,800
1EDQ_A.pdb,197,31.25405,26.792,13.199,70,8142,27709,8759,7524
3B3V_A.pdb,80,12.692,10.88,5.36,38,4280,11151,4796,3864
1H4P_A.pdb,119,18.87935,16.184,7.973,48,6385,15972,5424,5739
1FM4_A.pdb,73,11.58145,9.928,4.891,30,2445,9840,3702,2118
1KX5_B.pdb,21,3.33165,2.856,1.407,14,1645,2529,1545,1032
2IVB_A.pdb,44,6.9806,5.984,2.948,27,2439,5182,2892,2027
1C5E_A.pdb,32,5.0768,4.352,2.144,13,1371,4182,1431,1226
2JFN_A.pdb,70,11.1055,9.52,4.69,26,4129,9772,3133,3473
2ZW0_A.pdb,0,0.0,0.0,0.0,0,879,0,0,0
2QCP_X.pdb,42,6.6633,5.712,2.814,18,1258,5591,2110,1147
3ESL_B.pdb,57,9.04305,7.752,3.819,19,3391,7401,2035,2886
1CQW_A.pdb,95,15.07175,12.92,6.365,22,4639,13358,2594,4205
2QUZ_A.pdb,43,6.82195,5.848,2.881,19,2617,5814,2224,2206
1DAQ_A.pdb,17,2.69705,2.312,1.139,3,1461,3186,451,1053
1JY9_A.pdb,3,0.47595,0.408,0.201,2,401,405,246,280
1LQV_C.pdb,0,0.0,0.0,0.0,0,387,0,0,0
2O4Q_A.pdb,100,15.865,13.6,6.7,45,5050,13776,5561,4575
1NE9_A.pdb,138,21.8937,18.768,9.246,38,5281,19245,4554,4943
3EAU_A.pdb,95,15.07175,12.92,6.365,39,5150,12704,4550,4405
1GDV_A.pdb,29,4.60085,3.944,1.943,16,1236,3656,1771,1145
2VEI_A.pdb,63,9.99495,8.568,4.221,26,3638,8384,3077,3263
2R4A_A.pdb,123,19.51395,16.728,8.241,37,3682,17553,4307,3443
1LAM_A.pdb,137,21.73505,18.632,9.179,58,7385,18831,6900,6535
2V1Q_A.pdb,29,4.60085,3.944,1.943,7,947,3993,835,858
1J83_A.pdb,75,11.89875,10.2,5.025,25,2624,10450,3057,2454
1DPT_A.pdb,38,6.0287,5.168,2.546,25,1789,4775,2891,1637
2UWR_A.pdb,31,4.91815,4.216,2.077,11,1221,4003,1231,1127
1G8K_B.pdb,55,8.72575,7.48,3.685,23,1899,7323,2739,1594
1O06_A.pdb,3,0.47595,0.408,0.201,3,302,272,272,208
3FJX_A.pdb,176,27.9224,23.936,11.792,64,6475,24990,7939,6090
3BBC_A.pdb,56,8.8844,7.616,3.752,16,2408,7780,1833,2164
1CCW_B.pdb,124,19.6726,16.864,8.308,47,7517,17148,5575,6545
3CY4_B.pdb,64,10.1536,8.704,4.288,22,2389,8940,2683,2067
2JNR_B.pdb,6,0.9519,0.816,0.402,3,396,791,363,271
1H8M_A.pdb,63,9.99495,8.568,4.221,14,2854,12101,2030,2545
2QUB_A.pdb,12,1.9038,1.632,0.804,7,8924,1617,858,1196
2OB3_A.pdb,101,16.02365,13.736,6.767,44,5040,13957,5486,4554
1GNT_A.pdb,137,21.73505,18.632,9.179,56,8454,18599,6618,7235
1AY7_B.pdb,18,2.8557,2.448,1.206,9,1433,2332,1056,1107
2OIT_A.pdb,190,30.1435,25.84,12.73,39,6757,26734,4465,6010
1FJJ_A.pdb,49,7.77385,6.664,3.283,16,2257,6692,1905,1878
2QJL_A.pdb,43,6.82195,5.848,2.881,19,1536,5626,2164,1451
1GCC_A.pdb,21,3.33165,2.856,1.407,5,1350,3422,680,1002
1DQE_A.pdb,44,6.9806,5.984,2.948,21,2094,5655,2322,1893
1NXU_B.pdb,115,18.24475,15.64,7.705,66,4857,15300,7978,4340
3FK0_A.pdb,177,28.08105,24.072,11.859,67,6473,25175,8406,6131
2VLW_A.pdb,31,4.91815,4.216,2.077,18,983,3834,2073,867
1EGN_A.pdb,195,30.93675,26.52,13.065,92,6134,26715,11109,5954
1HCD_A.pdb,50,7.9325,6.8,3.35,23,2282,7874,3143,1891
1LQ9_A.pdb,44,6.9806,5.984,2.948,16,1666,5637,1815,1457
3B35_A.pdb,85,13.48525,11.56,5.695,38,4274,11961,4887,3898
1IQZ_A.pdb,26,4.1249,3.536,1.742,9,1171,3324,957,1092
1J34_A.pdb,44,6.9806,5.984,2.948,12,1980,5817,1292,1635
1K7C_A.pdb,56,8.8844,7.616,3.752,28,3360,7268,3297,2814
1JET_A.pdb,192,30.4608,26.112,12.864,59,8230,27335,7316,7656
1B5F_B.pdb,44,6.9806,5.984,2.948,31,1312,4424,2837,1196
1LOK_A.pdb,79,12.53335,10.744,5.293,36,4281,11235,4652,3769
1F2H_A.pdb,47,7.45655,6.392,3.149,23,3470,7910,3479,2501
3E4H_A.pdb,11,1.74515,1.496,0.737,11,386,1235,1235,358
1DW9_A.pdb,36,5.7114,4.896,2.412,23,2380,4111,2403,1857
1MF7_A.pdb,51,8.09115,6.936,3.417,20,3133,6839,2359,2675
1DLJ_A.pdb,96,15.2304,13.056,6.432,41,6481,13170,4915,5372
1GK9_B.pdb,202,32.0473,27.472,13.534,82,8646,27112,9690,7645
2RG2_A.pdb,134,21.2591,18.224,8.978,34,5160,18633,3900,4654
2RKL_A.pdb,10,1.5865,1.36,0.67,9,847,1152,1011,506
1MC2_A.pdb,29,4.60085,3.944,1.943,17,1915,3475,1839,1504
1M07_A.pdb,46,7.2979,6.256,3.082,17,1727,6116,1965,1512
2OMW_A.pdb,166,26.3359,22.576,11.122,84,7063,22758,10313,6716
1CCW_A.pdb,37,5.87005,5.032,2.479,13,2095,4888,1469,1876
1MRJ_A.pdb,80,12.692,10.88,5.36,21,3974,11199,2473,3635
3EXE_B.pdb,94,14.9131,12.784,6.298,39,5030,12619,4644,4570
2VFX_E.pdb,73,11.58145,9.928,4.891,26,3332,9696,2949,2642
3D4U_B.pdb,33,5.23545,4.488,2.211,26,1042,3960,2988,991
3D25_B.pdb,42,6.6633,5.712,2.814,10,1597,5519,1122,1408
1FT5_A.pdb,70,11.1055,9.52,4.69,37,3265,8920,4460,2803
1AMT_A.pdb,2,0.3173,0.272,0.134,2,162,145,145,94
2YXN_A.pdb,85,13.48525,11.56,5.695,39,5035,11138,4418,4286
1ISU_A.pdb,24,3.8076,3.264,1.608,12,875,2925,1349,822
1MHN_A.pdb,30,4.7595,4.08,2.01,12,909,3913,1440,809
3BFQ_G.pdb,57,9.04305,7.752,3.819,35,1871,7240,4008,1701
1GQN_A.pdb,59,9.36035,8.024,3.953,28,3888,7775,3266,3014
1GNY_A.pdb,71,11.26415,9.656,4.757,29,2196,9612,3556,2024
2Q88_A.pdb,13,2.06245,1.768,0.871,5,3825,1706,480,1156
1MUW_A.pdb,95,15.07175,12.92,6.365,48,7738,15609,6714,6378
1AA3_A.pdb,26,4.1249,3.536,1.742,7,1355,4519,990,1248
2VOL_B.pdb,82,13.0093,11.152,5.494,13,2827,12084,1676,2395
2W5Q_A.pdb,126,19.9899,17.136,8.442,41,6792,17639,4964,6008
1BOM_A.pdb,9,1.42785,1.224,0.603,7,387,1235,924,373
2Z2O_C.pdb,154,24.4321,20.944,10.318,42,4612,22487,5329,4256
1DCI_A.pdb,84,13.3266,11.424,5.628,42,4270,11202,4945,3801
2IZX_B.pdb,7,1.11055,0.952,0.469,3,680,853,322,497
1DGF_A.pdb,172,27.2878,23.392,11.524,75,7816,23146,8780,6567
1MIX_A.pdb,73,11.58145,9.928,4.891,24,3362,9529,2814,2853
2SN3_A.pdb,24,3.8076,3.264,1.608,14,1225,3766,2023,1139
1G6G_A.pdb,54,8.5671,7.344,3.618,16,1996,7465,1912,1781
1A8L_A.pdb,76,12.0574,10.336,5.092,23,3619,10585,2726,3103
2ZQN_A.pdb,62,9.8363,8.432,4.154,16,2064,8907,1969,1887
1BHU_A.pdb,36,5.7114,4.896,2.412,13,1891,6543,2012,1720
2ZDP_A.pdb,14,2.2211,1.904,0.938,1,1786,2015,133,789
3E9L_A.pdb,81,12.85065,11.016,5.427,26,4222,10813,2857,3730
3ETJ_A.pdb,144,22.8456,19.584,9.648,57,5542,19729,6817,5141
1K3Y_A.pdb,66,10.4709,8.976,4.422,30,3656,8744,3434,3135
2R6Q_A.pdb,73,11.58145,9.928,4.891,23,1960,9848,2803,1820
2Q5B_A.pdb,43,6.82195,5.848,2.881,18,1574,5660,2075,1427
2INC_A.pdb,159,25.22535,21.624,10.653,68,7778,21588,8389,7051
2PPP_A.pdb,56,8.8844,7.616,3.752,24,1662,7648,2826,1571
1DBF_A.pdb,44,6.9806,5.984,2.948,15,2056,6075,1780,1906
2P8B_A.pdb,121,19.19665,16.456,8.107,40,5758,16897,4971,5263
1C7K_A.pdb,32,5.0768,4.352,2.144,19,1923,4103,2261,1588
1HRE_A.pdb,14,2.2211,1.904,0.938,10,1361,2078,1425,882
3CIB_A.pdb,163,25.85995,22.168,10.921,55,6023,22900,6637,5443
1AVA_A.pdb,145,23.00425,19.72,9.715,55,6213,19768,6599,5863
3EDN_A.pdb,113,17.92745,15.368,7.571,40,4448,15368,4670,4007
2RLC_A.pdb,114,18.0861,15.504,7.638,35,5023,14938,3894,4360
2W0P_B.pdb,42,6.6633,5.712,2.814,22,1331,5256,2512,1206
3CAO_A.pdb,34,5.3941,4.624,2.278,30,1466,3609,3129,1273
1LLP_A.pdb,99,15.70635,13.464,6.633,47,4976,13273,5652,4309
3BWY_A.pdb,65,10.31225,8.84,4.355,25,3338,8808,2987,2932
1FE6_A.pdb,11,1.74515,1.496,0.737,8,830,1362,963,639
1I1D_D.pdb,29,4.60085,3.944,1.943,7,2568,3866,730,1469
1K77_A.pdb,65,10.31225,8.84,4.355,19,3999,8668,1991,3520
2Z8A_B.pdb,48,7.6152,6.528,3.216,16,2267,6368,1814,2111
2VPG_C.pdb,16,2.5384,2.176,1.072,8,888,1961,835,706
3C8C_A.pdb,85,13.48525,11.56,5.695,30,3621,11731,3401,3266
1E2W_A.pdb,109,17.29285,14.824,7.303,33,3862,14501,3890,3638
2V9M_A.pdb,107,16.97555,14.552,7.169,38,4220,14730,4564,3739
1DFU_P.pdb,34,5.3941,4.624,2.278,11,1530,4651,1263,1254
2ZC1_A.pdb,95,15.07175,12.92,6.365,55,4940,12823,6814,4554
1H7O_A.pdb,108,17.1342,14.688,7.236,41,5267,14813,4873,4785
2VVM_A.pdb,167,26.49455,22.712,11.189,57,7412,23587,7204,6740
2Z9X_B.pdb,119,18.87935,16.184,7.973,48,5831,16384,5791,5263
1HPG_A.pdb,164,26.0186,22.304,10.988,101,2494,19466,9998,2419
3CX5_C.pdb,125,19.83125,17.0,8.375,46,6206,16909,5612,5585
3C62_A.pdb,27,4.28355,3.672,1.809,17,1605,3423,1979,1411
1N7S_A.pdb,11,1.74515,1.496,0.737,8,1012,1327,922,792
3C2U_A.pdb,248,39.3452,33.728,16.616,36,8406,35923,4360,7703
1FF3_A.pdb,60,9.519,8.16,4.02,28,3139,8323,3457,2515
1I4J_A.pdb,40,6.346,5.44,2.68,13,1789,5430,1616,1422
3BOD_A.pdb,92,14.5958,12.512,6.164,25,2717,12737,2886,2412
1ASU_A.pdb,45,7.13925,6.12,3.015,20,2528,5718,2069,1958
3C83_A.pdb,56,8.8844,7.616,3.752,21,2640,7526,2504,2455
2V1P_A.pdb,137,21.73505,18.632,9.179,52,7290,18623,6381,6177
2ZQO_A.pdb,62,9.8363,8.432,4.154,14,2043,8974,1713,1873
1AGI_A.pdb,48,7.6152,6.528,3.216,22,2001,6373,2626,1683
1BM8_A.pdb,40,6.346,5.44,2.68,15,1708,5404,1668,1549
1FH9_A.pdb,84,13.3266,11.424,5.628,36,4694,11327,4241,4207
3FLL_A.pdb,83,13.16795,11.288,5.561,24,2814,11501,2752,2443
1MTY_G.pdb,44,6.9806,5.984,2.948,15,2787,6156,1733,2280
2VG3_A.pdb,64,10.1536,8.704,4.288,31,4529,8679,3769,3588
2RI0_B.pdb,43,6.82195,5.848,2.881,18,3614,5716,2140,2810
1EBL_A.pdb,115,18.24475,15.64,7.705,63,4550,15809,7866,4066
1BKP_B.pdb,90,14.2785,12.24,6.03,43,4534,11897,5113,3950
1E6Y_C.pdb,79,12.53335,10.744,5.293,37,3814,10721,4462,3377
1KDG_B.pdb,190,30.1435,25.84,12.73,84,8074,26390,10191,7435
2YZT_A.pdb,18,2.8557,2.448,1.206,11,1070,2187,1271,656
2Q2N_A.pdb,74,11.7401,10.064,4.958,26,4879,9858,2993,3999
8TLN_E.pdb,114,18.0861,15.504,7.638,56,4692,15403,6954,4334
1N70_A.pdb,136,21.5764,18.496,9.112,39,5016,18859,4754,4481
1GCA_A.pdb,75,11.89875,10.2,5.025,35,4892,10273,4287,4282
1AVB_B.pdb,127,20.14855,17.272,8.509,48,3451,17793,6183,3202
1E08_E.pdb,39,6.18735,5.304,2.613,28,1188,4912,3343,1150
1MRO_C.pdb,78,12.3747,10.608,5.226,36,3925,10657,4328,3346
2ZAL_A.pdb,36,5.7114,4.896,2.412,23,2383,4280,2488,1821
2PU9_A.pdb,28,4.4422,3.808,1.876,15,1704,3476,1676,1325
1E43_A.pdb,176,27.9224,23.936,11.792,50,7525,25546,6195,6938
1GPE_A.pdb,242,38.3933,32.912,16.214,81,8899,35648,10502,8503
1IOO_A.pdb,68,10.7882,9.248,4.556,12,3190,9495,1450,2703
1B94_A.pdb,77,12.21605,10.472,5.159,23,4005,10374,2582,3318
2W7A_A.pdb,24,3.8076,3.264,1.608,8,1594,3250,908,1136
1KOE_A.pdb,64,10.1536,8.704,4.288,27,2631,8857,3484,2371
1AUN_A.pdb,86,13.6439,11.696,5.762,30,3048,11643,3606,2817
1DTD_B.pdb,27,4.28355,3.672,1.809,13,892,3437,1476,837
2ONS_A.pdb,114,18.0861,15.504,7.638,37,5012,16329,4664,4657
1HEH_C.pdb,21,3.33165,2.856,1.407,10,1484,3281,1405,1125
1NOA_A.pdb,51,8.09115,6.936,3.417,37,1508,6186,4276,1375
1M1N_B.pdb,119,18.87935,16.184,7.973,61,8249,15742,7313,6695
2RI9_A.pdb,144,22.8456,19.584,9.648,68,7240,19596,8523,6470
2Z7F_I.pdb,12,1.9038,1.632,0.804,12,750,1394,1394,556
2RKN_A.pdb,30,4.7595,4.08,2.01,20,1080,3515,2205,1005
1GZJ_A.pdb,92,14.5958,12.512,6.164,32,4597,12772,3721,4261
2ZE3_A.pdb,71,11.26415,9.656,4.757,33,4067,9378,3826,3577
1GQA_A.pdb,34,5.3941,4.624,2.278,21,1858,4221,2394,1680
3C7W_A.pdb,53,8.40845,7.208,3.551,22,2616,7044,2585,2318
3F6B_X.pdb,130,20.6245,17.68,8.71,64,7799,17862,7883,6694
2YWL_A.pdb,47,7.45655,6.392,3.149,26,2691,6137,3138,2218
3DQP_A.pdb,53,8.40845,7.208,3.551,24,3311,6980,2938,2899
2ZFZ_F.pdb,37,5.87005,5.032,2.479,22,1118,4873,2632,1078
1L9L_A.pdb,16,2.5384,2.176,1.072,8,1637,2644,1226,1323
1KVD_B.pdb,26,4.1249,3.536,1.742,15,1058,3106,1689,825
1CP2_A.pdb,91,14.43715,12.376,6.097,36,4093,12131,4167,3843
2Z0A_D.pdb,18,2.8557,2.448,1.206,13,1167,2113,1370,915
1D7D_A.pdb,89,14.11985,12.104,5.963,24,2717,12033,2715,2483
1NOF_A.pdb,147,23.32155,19.992,9.849,50,5850,20666,6166,5454
1L7A_A.pdb,87,13.80255,11.832,5.829,24,5014,12337,2900,4197
1H7E_A.pdb,74,11.7401,10.064,4.958,28,3802,10063,3297,3416
1MKC_A.pdb,9,1.42785,1.224,0.603,1,883,1621,112,530
1AH7_A.pdb,64,10.1536,8.704,4.288,23,3889,8985,2844,3337
1IYB_A.pdb,71,11.26415,9.656,4.757,25,3108,9633,2974,2714
3D1G_A.pdb,181,28.71565,24.616,12.127,59,5698,25251,7179,5229
1IBY_A.pdb,48,7.6152,6.528,3.216,15,1731,6100,1630,1584
3CDT_A.pdb,52,8.2498,7.072,3.484,25,2622,6751,2937,2392
1IQC_A.pdb,100,15.865,13.6,6.7,54,4714,13416,6667,4051
3BH4_A.pdb,172,27.2878,23.392,11.524,53,7505,24770,6543,6933
2PZ4_A.pdb,36,5.7114,4.896,2.412,17,3745,4928,2031,1634
1FTR_A.pdb,123,19.51395,16.728,8.241,48,4348,16515,5539,3910
3FJU_B.pdb,23,3.64895,3.128,1.541,13,1011,2959,1584,876
1DI2_A.pdb,27,4.28355,3.672,1.809,12,1095,3421,1382,995
6STD_A.pdb,84,13.3266,11.424,5.628,32,2670,11356,3842,2510
2NW0_A.pdb,52,8.2498,7.072,3.484,16,2947,6908,1751,2487
2PNE_A.pdb,21,3.33165,2.856,1.407,21,849,2420,2420,778
1NNS_A.pdb,90,14.2785,12.24,6.03,52,4852,11767,6257,4221
2UWA_A.pdb,58,9.2017,7.888,3.886,15,4266,8239,1710,2534
1H72_C.pdb,124,19.6726,16.864,8.308,35,4606,17796,4378,4256
2ZP3_A.pdb,35,5.55275,4.76,2.345,21,1842,4236,2256,1580
1O9I_A.pdb,68,10.7882,9.248,4.556,38,4072,8987,4568,3275
2VN6_B.pdb,14,2.2211,1.904,0.938,6,995,1778,681,805
2J5Y_A.pdb,0,0.0,0.0,0.0,0,974,0,0,0
1G8A_A.pdb,83,13.16795,11.288,5.561,22,3683,11324,2580,3306
1BKB_A.pdb,66,10.4709,8.976,4.422,21,2091,8722,2431,1906
2NW8_A.pdb,87,13.80255,11.832,5.829,42,4349,11175,4805,3877
3C8Y_A.pdb,197,31.25405,26.792,13.199,85,8900,26797,10541,8157
1IG0_B.pdb,118,18.7207,16.048,7.906,40,5172,16115,4755,4692
3FG9_A.pdb,9,1.42785,1.224,0.603,5,2385,1168,613,839
2JYP_A.pdb,12,1.9038,1.632,0.804,3,739,2226,507,642
1IDK_A.pdb,88,13.9612,11.968,5.896,42,5159,11972,5189,4300
1LXJ_A.pdb,33,5.23545,4.488,2.211,20,1582,3949,2182,1266
1CJW_A.pdb,69,10.94685,9.384,4.623,24,2581,9390,2830,2394
3BF7_A.pdb,70,11.1055,9.52,4.69,29,3981,9625,3612,3446
3DHA_A.pdb,98,15.5477,13.328,6.566,41,4000,13500,5172,3701
1BUO_A.pdb,35,5.55275,4.76,2.345,15,1930,4662,1672,1557
1K20_A.pdb,100,15.865,13.6,6.7,44,4658,13582,5352,4227
1GVJ_B.pdb,47,7.45655,6.392,3.149,24,2382,6379,2974,1946
1EUV_A.pdb,70,11.1055,9.52,4.69,25,3585,9361,2838,3070
1KCZ_A.pdb,141,22.36965,19.176,9.447,47,6359,19853,5643,5817
1GVP_A.pdb,34,5.3941,4.624,2.278,14,1438,4294,1463,1218
1GT9_1.pdb,108,17.1342,14.688,7.236,50,5021,14569,5998,4530
1KEW_A.pdb,106,16.8169,14.416,7.102,41,5653,14494,4881,5225
2VPB_B.pdb,5,0.79325,0.68,0.335,2,533,546,204,324
2VOA_A.pdb,106,16.8169,14.416,7.102,18,4173,15188,2211,3849
1A56_A.pdb,35,5.55275,4.76,2.345,15,1595,5651,2080,1336
1GK2_A.pdb,147,23.32155,19.992,9.849,73,7564,19600,8719,6776
3BOY_A.pdb,62,9.8363,8.432,4.154,29,2261,8159,3336,1909
1G24_A.pdb,82,13.0093,11.152,5.494,31,3331,11148,3701,2988
2ZS0_C.pdb,46,7.2979,6.256,3.082,22,2111,5813,2431,1828
1C1K_A.pdb,67,10.62955,9.112,4.489,25,3708,9146,2851,3193
1BB1_A.pdb,2,0.3173,0.272,0.134,1,532,220,96,187
2IJX_A.pdb,122,19.3553,16.592,8.174,28,3877,17260,3377,3588
1HQK_A.pdb,41,6.50465,5.576,2.747,21,2376,5445,2471,2045
2VVM_B.pdb,162,25.7013,22.032,10.854,50,7376,22947,6299,6740
2IZB_A.pdb,64,10.1536,8.704,4.288,39,1987,9601,5435,1821
1IVD_A.pdb,142,22.5283,19.312,9.514,56,6105,20254,7220,5489
3B4X_A.pdb,121,19.19665,16.456,8.107,38,6017,16840,4650,5371
3EMS_A.pdb,51,8.09115,6.936,3.417,28,1959,6718,3377,1801
1BUY_A.pdb,67,10.62955,9.112,4.489,30,3497,11343,4516,3048
1NHC_A.pdb,66,10.4709,8.976,4.422,40,4716,8842,4948,3836
2MCM_A.pdb,54,8.5671,7.344,3.618,37,1483,6595,4296,1408
2RCA_A.pdb,90,14.2785,12.24,6.03,33,4329,12104,3857,3840
1I27_A.pdb,18,2.8557,2.448,1.206,7,1207,2225,650,908
1NRA_A.pdb,24,3.8076,3.264,1.608,10,1223,4001,1593,1054
2IFV_A.pdb,46,7.2979,6.256,3.082,13,2880,6216,1498,2494
2QDV_A.pdb,42,6.6633,5.712,2.814,11,1573,5837,1316,1428
3FAS_A.pdb,83,13.16795,11.288,5.561,28,4102,11305,3295,3647
3B5T_B.pdb,47,7.45655,6.392,3.149,16,1708,6079,1776,1475
2ZGY_A.pdb,118,18.7207,16.048,7.906,52,5021,15969,6281,4571
2PBD_P.pdb,60,9.519,8.16,4.02,25,2092,8258,2960,1935
2VYZ_A.pdb,22,3.4903,2.992,1.474,8,1606,2647,817,1226
1MEQ_A.pdb,7,1.11055,0.952,0.469,2,568,1202,236,443
1D2S_A.pdb,87,13.80255,11.832,5.829,29,2625,12092,3469,2401
1M70_A.pdb,65,10.31225,8.84,4.355,45,2720,8215,5295,2480
1F5V_A.pdb,73,11.58145,9.928,4.891,32,3771,9748,3650,3249
1EE2_A.pdb,138,21.8937,18.768,9.246,41,5605,19615,5005,5102
1DOQ_A.pdb,29,4.60085,3.944,1.943,8,1512,5321,1234,1256
1GYH_A.pdb,151,23.95615,20.536,10.117,43,5002,21140,5026,4726
1CGH_A.pdb,115,18.24475,15.64,7.705,44,3788,16400,5611,3473
2Z0A_C.pdb,9,1.42785,1.224,0.603,6,1158,1016,630,522
1LK5_A.pdb,79,12.53335,10.744,5.293,22,3594,11016,2484,3204
2J7Z_A.pdb,22,3.4903,2.992,1.474,9,1144,2859,1012,926
2Z6R_B.pdb,86,13.6439,11.696,5.762,36,4223,11541,4285,3772
1K7H_A.pdb,157,24.90805,21.352,10.519,69,7240,21309,8366,6587
3DD2_L.pdb,71,11.26415,9.656,4.757,66,483,7103,6472,446
1H6L_A.pdb,156,24.7494,21.216,10.452,48,5325,21744,5994,4915
1FLM_A.pdb,58,9.2017,7.888,3.886,23,1864,7702,2809,1760
2IMF_A.pdb,66,10.4709,8.976,4.422,29,3047,8412,3084,2807
1IQQ_A.pdb,70,11.1055,9.52,4.69,23,3262,9590,2768,2765
1HCR_A.pdb,20,3.173,2.72,1.34,11,868,2583,1255,640
1EXG_A.pdb,56,8.8844,7.616,3.752,36,1894,8706,5227,1781
3DR9_A.pdb,37,5.87005,5.032,2.479,16,2147,4734,1739,1937
3C63_A.pdb,24,3.8076,3.264,1.608,15,1603,3002,1756,1377
2PA8_L.pdb,34,5.3941,4.624,2.278,15,1469,4486,1748,1253
3GMV_X.pdb,69,10.94685,9.384,4.623,23,2332,9240,2633,2117
3D72_A.pdb,51,8.09115,6.936,3.417,14,2366,6957,1555,1959
3FH2_A.pdb,6,0.9519,0.816,0.402,4,2297,781,466,553
3CDO_C.pdb,49,7.77385,6.664,3.283,12,2634,6672,1409,2300
1BDS_A.pdb,14,2.2211,1.904,0.938,6,802,2342,868,650
3B3S_A.pdb,91,14.43715,12.376,6.097,41,4274,12725,5203,3955
3FJ5_A.pdb,18,2.8557,2.448,1.206,10,895,1888,962,672
3D3B_J.pdb,9,1.42785,1.224,0.603,5,1384,1204,616,368
1G6U_A.pdb,8,1.2692,1.088,0.536,4,754,908,389,567
1LBV_A.pdb,95,15.07175,12.92,6.365,28,3914,13252,3245,3326
3E8M_A.pdb,44,6.9806,5.984,2.948,16,3447,7595,2374,2797
2J73_A.pdb,45,7.13925,6.12,3.015,13,1690,6267,1552,1479
1GNU_A.pdb,37,5.87005,5.032,2.479,8,1971,5121,934,1656
2JGP_A.pdb,151,23.95615,20.536,10.117,59,8200,20219,6793,6756
1MXG_A.pdb,162,25.7013,22.032,10.854,45,6849,23152,5525,6379
1E0C_A.pdb,84,13.3266,11.424,5.628,34,4126,11648,4286,3833
1BJW_A.pdb,121,19.19665,16.456,8.107,51,5880,16334,6153,5102
2OV0_A.pdb,43,6.82195,5.848,2.881,13,1587,5887,1516,1435
1DOS_A.pdb,85,13.48525,11.56,5.695,36,5386,11502,4226,4502
2JOD_A.pdb,13,2.06245,1.768,0.871,8,2036,1992,1161,1133
3FJU_A.pdb,92,14.5958,12.512,6.164,29,4781,12895,3432,4283
1HP1_A.pdb,197,31.25405,26.792,13.199,74,7973,27379,8962,7423
2IXK_A.pdb,83,13.16795,11.288,5.561,26,2914,11409,3162,2599
1N12_A.pdb,52,8.2498,7.072,3.484,27,1986,6499,2944,1724
1MWP_A.pdb,34,5.3941,4.624,2.278,15,1522,4532,1842,1304
2VZP_B.pdb,63,9.99495,8.568,4.221,25,1803,8479,2929,1651
2VG1_A.pdb,53,8.40845,7.208,3.551,33,3506,6640,3761,2842
2Q2A_A.pdb,80,12.692,10.88,5.36,29,3745,10662,3266,3356
1I6F_A.pdb,23,3.64895,3.128,1.541,17,1099,3565,2461,921
1L2P_A.pdb,3,0.47595,0.408,0.201,2,1009,357,217,278
2OAW_A.pdb,31,4.91815,4.216,2.077,8,1090,4172,856,1008
1FUS_A.pdb,37,5.87005,5.032,2.479,19,1444,4788,2104,1291
1MZ9_A.pdb,6,0.9519,0.816,0.402,6,729,618,618,485
1A23_A.pdb,79,12.53335,10.744,5.293,30,3864,13504,4483,3346
1HPU_A.pdb,209,33.15785,28.424,14.003,84,8109,28586,10090,7601
1FIU_A.pdb,93,14.75445,12.648,6.231,48,4465,12206,5520,3956
1N71_A.pdb,76,12.0574,10.336,5.092,32,2849,10054,3760,2512
2PQD_A.pdb,184,29.1916,25.024,12.328,96,6574,25636,11970,6151
1D0D_A.pdb,20,3.173,2.72,1.34,5,909,2424,512,818
3DPG_A.pdb,104,16.4996,14.144,6.968,42,5311,14161,4937,4663
2OKL_A.pdb,27,4.28355,3.672,1.809,8,2889,3800,944,1309
3C7M_A.pdb,64,10.1536,8.704,4.288,23,3061,8635,2552,2679
1F86_A.pdb,54,8.5671,7.344,3.618,26,1750,6998,3025,1654
1FD3_A.pdb,14,2.2211,1.904,0.938,9,609,1733,1092,531
1I8O_A.pdb,33,5.23545,4.488,2.211,16,1717,4163,1868,1357
1HNR_A.pdb,16,2.5384,2.176,1.072,10,980,2258,1275,865
2QMO_A.pdb,44,6.9806,5.984,2.948,20,3411,5758,2230,2535
1FXD_A.pdb,17,2.69705,2.312,1.139,8,810,2028,885,741
1F00_I.pdb,127,20.14855,17.272,8.509,56,4230,17091,6799,4006
1MVE_A.pdb,117,18.56205,15.912,7.839,40,3642,16265,4657,3336
1HKK_A.pdb,134,21.2591,18.224,8.978,44,5642,18847,5281,5271
1BNO_A.pdb,17,2.69705,2.312,1.139,7,1893,2821,999,1108
1M5S_A.pdb,118,18.7207,16.048,7.906,33,4467,16496,3819,4215
1MOG_A.pdb,26,4.1249,3.536,1.742,10,997,3393,1205,863
1IXH_A.pdb,105,16.65825,14.28,7.035,35,6363,18849,5324,5703
3B9Z_A.pdb,101,16.02365,13.736,6.767,34,5826,14316,4193,4912
2Z58_B.pdb,30,4.7595,4.08,2.01,14,1062,3906,1602,901
2V1T_A.pdb,20,3.173,2.72,1.34,11,1116,2460,1143,879
2MNR_A.pdb,121,19.19665,16.456,8.107,48,5437,16490,5823,5045
1ATA_A.pdb,19,3.01435,2.584,1.273,14,1207,2666,1817,830
3D80_A.pdb,49,7.77385,6.664,3.283,20,3047,6369,2293,2371
3G5T_A.pdb,94,14.9131,12.784,6.298,38,5926,15478,5400,5025
1IB8_A.pdb,66,10.4709,8.976,4.422,22,3445,10915,3048,2833
1NI8_A.pdb,9,1.42785,1.224,0.603,8,752,1010,888,556
2PU9_B.pdb,34,5.3941,4.624,2.278,13,1186,4468,1510,1104
1EW4_A.pdb,47,7.45655,6.392,3.149,19,1656,6326,2166,1427
1DOW_B.pdb,5,0.79325,0.68,0.335,5,480,523,523,320
2J9E_B.pdb,34,5.3941,4.624,2.278,12,1909,4471,1291,1435
2RL3_A.pdb,102,16.1823,13.872,6.834,30,3872,14352,3575,3531
2V33_A.pdb,37,5.87005,5.032,2.479,20,1278,4686,2406,1148
1DF7_A.pdb,49,7.77385,6.664,3.283,20,2464,6434,2165,2129
1CCZ_A.pdb,75,11.89875,10.2,5.025,17,2761,10432,2089,2388
1GS5_A.pdb,72,11.4228,9.792,4.824,42,3879,9210,4955,3399
1MSO_B.pdb,6,0.9519,0.816,0.402,4,608,798,483,350
1DME_A.pdb,4,0.6346,0.544,0.268,4,471,530,530,295
2IX4_A.pdb,142,22.5283,19.312,9.514,68,6396,20065,8981,5903
3CIP_G.pdb,46,7.2979,6.256,3.082,15,1991,6134,1647,1722
3CX5_J.pdb,61,9.67765,8.296,4.087,22,1973,8300,2611,1774
2QSQ_A.pdb,42,6.6633,5.712,2.814,13,1748,5674,1545,1405
1BTQ_A.pdb,4,0.6346,0.544,0.268,2,391,538,259,308
2O7C_A.pdb,144,22.8456,19.584,9.648,68,5922,19626,8355,5501
3CZZ_A.pdb,54,8.5671,7.344,3.618,32,1466,6934,3825,1418
1I2K_A.pdb,100,15.865,13.6,6.7,45,4149,13623,5480,3739
2VHK_A.pdb,88,13.9612,11.968,5.896,33,3014,12155,3911,2801
1G2Z_A.pdb,8,1.2692,1.088,0.536,7,472,782,661,360
3D03_A.pdb,81,12.85065,11.016,5.427,39,4223,10953,4838,3670
1CA1_A.pdb,135,21.41775,18.36,9.045,48,5823,19038,6186,5160
2VN6_A.pdb,72,11.4228,9.792,4.824,32,2201,9476,3730,2046
2IV1_A.pdb,44,6.9806,5.984,2.948,23,2433,5221,2430,2042
1FM0_D.pdb,24,3.8076,3.264,1.608,12,1221,2931,1293,1058
1C52_A.pdb,45,7.13925,6.12,3.015,15,2130,5946,1770,1872
1JUV_A.pdb,66,10.4709,8.976,4.422,27,3061,8678,3191,2794
1G66_A.pdb,68,10.7882,9.248,4.556,37,3587,11518,5557,3439
2ZGW_A.pdb,91,14.43715,12.376,6.097,26,3744,12698,2920,3292
2Z4U_A.pdb,84,13.3266,11.424,5.628,20,4100,11950,2412,3537
2OX5_A.pdb,47,7.45655,6.392,3.149,16,1620,5950,1746,1502
1CRZ_A.pdb,165,26.17725,22.44,11.055,52,5845,23350,6286,5342
1LTS_A.pdb,77,12.21605,10.472,5.159,25,2911,10725,2871,2697
1HTR_B.pdb,136,21.5764,18.496,9.112,45,4833,18255,5227,4524
1LMH_A.pdb,66,10.4709,8.976,4.422,27,2806,8628,3230,2422
1KS8_A.pdb,141,22.36965,19.176,9.447,50,6521,19554,6137,5969
1KAE_A.pdb,114,18.0861,15.504,7.638,64,6372,14809,7420,5357
2R2D_A.pdb,107,16.97555,14.552,7.169,52,4230,14409,6281,3926
1A9X_B.pdb,150,23.7975,20.4,10.05,55,5729,21132,6753,5397
1AJ8_A.pdb,114,18.0861,15.504,7.638,36,6014,16168,4232,5212
3ENU_A.pdb,51,8.09115,6.936,3.417,21,1802,6906,2478,1619
3APR_E.pdb,146,23.1629,19.856,9.782,56,4714,19846,6741,4431
3BF8_A.pdb,65,10.31225,8.84,4.355,28,3979,8902,3464,3390
1DQZ_A.pdb,79,12.53335,10.744,5.293,27,4217,10884,3193,3725
3EW1_B.pdb,74,11.7401,10.064,4.958,45,1944,9203,5121,1772
1JKE_C.pdb,54,8.5671,7.344,3.618,24,2224,7296,2801,2019
1KP6_A.pdb,39,6.18735,5.304,2.613,19,1197,4987,2221,1111
2NV6_A.pdb,71,11.26415,9.656,4.757,30,3998,9422,3439,3339
1K0I_A.pdb,150,23.7975,20.4,10.05,57,6229,20349,6771,5513
3FKA_B.pdb,41,6.50465,5.576,2.747,18,1762,5182,1909,1381
1BQK_A.pdb,46,7.2979,6.256,3.082,15,1829,6268,1634,1674
1J57_A.pdb,59,9.36035,8.024,3.953,13,2890,11297,1972,2663
1NS5_B.pdb,27,4.28355,3.672,1.809,13,2410,3539,1493,1771
3FID_A.pdb,179,28.39835,24.344,11.993,68,4504,24542,8465,4355
2V3Q_A.pdb,123,19.51395,16.728,8.241,63,5398,16561,7557,5034
2Z0T_A.pdb,46,7.2979,6.256,3.082,5,1845,6575,625,1688
1IRS_A.pdb,53,8.40845,7.208,3.551,12,2353,9346,1742,2012
3GEU_A.pdb,27,4.28355,3.672,1.809,12,3026,3586,1406,1839
2PFZ_A.pdb,101,16.02365,13.736,6.767,32,4707,14356,3848,4318
2PA6_A.pdb,151,23.95615,20.536,10.117,51,6585,21160,6221,6018
1O08_A.pdb,62,9.8363,8.432,4.154,17,3425,8253,1895,3065
3BJ1_A.pdb,34,5.3941,4.624,2.278,14,2205,4489,1637,1893
1H2S_B.pdb,14,2.2211,1.904,0.938,8,834,1567,832,763
2ZFZ_D.pdb,33,5.23545,4.488,2.211,21,1146,4299,2515,1076
1NKP_A.pdb,21,3.33165,2.856,1.407,12,1501,2643,1354,1209
1LMB_4.pdb,27,4.28355,3.672,1.809,19,1443,3315,2119,1076
2PPO_A.pdb,59,9.36035,8.024,3.953,26,1654,8002,3044,1564
2OFC_A.pdb,66,10.4709,8.976,4.422,29,2204,9090,3566,2024
1AIE_A.pdb,3,0.47595,0.408,0.201,2,519,348,201,252
2RJ2_A.pdb,80,12.692,10.88,5.36,24,2870,11264,2972,2511
1FWU_A.pdb,58,9.2017,7.888,3.886,11,2115,8212,1368,1907
1AG4_A.pdb,41,6.50465,5.576,2.747,15,2039,7224,2316,1759
1KFR_A.pdb,39,6.18735,5.304,2.613,16,2312,5283,1903,1945
1JM0_A.pdb,11,1.74515,1.496,0.737,2,838,1500,220,654
1D6G_A.pdb,3,0.47595,0.408,0.201,2,972,452,260,382
2P86_A.pdb,80,12.692,10.88,5.36,28,3071,11139,3226,2788
1F2U_A.pdb,67,10.62955,9.112,4.489,21,2449,8830,2165,2165
3DCK_A.pdb,37,5.87005,5.032,2.479,14,1482,4794,1462,1190
1HP8_A.pdb,30,4.7595,4.08,2.01,17,1416,4865,2502,1313
1BOM_B.pdb,7,1.11055,0.952,0.469,7,525,920,920,314
1CBN_A.pdb,12,1.9038,1.632,0.804,11,831,1777,1594,768
1F9Y_A.pdb,60,9.519,8.16,4.02,16,2531,8302,1812,2266
1G9Z_A.pdb,59,9.36035,8.024,3.953,20,2505,8268,2508,2175
2NQL_A.pdb,120,19.038,16.32,8.04,52,5920,16208,6288,5246
2P25_A.pdb,37,5.87005,5.032,2.479,12,2030,4957,1345,1460
3F48_A.pdb,160,25.384,21.76,10.72,35,8171,22724,4123,7284
2MRB_A.pdb,3,0.47595,0.408,0.201,3,395,275,275,186
1I4U_A.pdb,86,13.6439,11.696,5.762,25,2842,11781,2865,2588
2RN2_A.pdb,49,7.77385,6.664,3.283,18,2450,6708,2226,2032
1L8F_A.pdb,83,13.16795,11.288,5.561,38,2948,11157,4582,2819
3EDY_A.pdb,173,27.44645,23.528,11.591,73,8204,23897,9174,7108
2QQ4_A.pdb,57,9.04305,7.752,3.819,24,2084,7560,2816,1972
2W43_A.pdb,60,9.519,8.16,4.02,18,3341,8148,2019,2839
2OKT_A.pdb,50,7.9325,6.8,3.35,15,5486,6502,1664,2904
1GOA_A.pdb,54,8.5671,7.344,3.618,28,2457,7241,3410,2183
3C9I_B.pdb,42,6.6633,5.712,2.814,40,3587,4625,4371,2472
1KBE_A.pdb,12,1.9038,1.632,0.804,7,1025,1804,982,682
2UX6_A.pdb,44,6.9806,5.984,2.948,15,1811,5895,1650,1645
2YV0_X.pdb,49,7.77385,6.664,3.283,18,2443,6589,2148,2018
2OF3_A.pdb,72,11.4228,9.792,4.824,30,4288,9713,3554,3471
2QNK_A.pdb,119,18.87935,16.184,7.973,57,4422,15951,6889,3913
3BKZ_A.pdb,84,13.3266,11.424,5.628,21,3113,11655,2432,2724
3E08_C.pdb,72,11.4228,9.792,4.824,33,4560,9091,3694,3638
1CHM_A.pdb,135,21.41775,18.36,9.045,51,6269,18847,6530,5689
1FN9_A.pdb,123,19.51395,16.728,8.241,53,5690,16746,6139,5039
1B0B_A.pdb,42,6.6633,5.712,2.814,19,2037,5396,2145,1775
1GN8_A.pdb,47,7.45655,6.392,3.149,21,2496,6157,2394,2270
2VYW_A.pdb,44,6.9806,5.984,2.948,16,2353,5956,1929,2075
2QA9_E.pdb,119,18.87935,16.184,7.973,65,2534,15784,7474,2466
3CJK_B.pdb,37,5.87005,5.032,2.479,26,1155,4789,3138,1081
1L2M_A.pdb,49,7.77385,6.664,3.283,13,2458,8627,1896,2045
2Z8G_A.pdb,152,24.1148,20.672,10.184,56,8223,21216,6904,6954
1K4M_A.pdb,53,8.40845,7.208,3.551,22,3433,6914,2504,2836
2PTH_A.pdb,68,10.7882,9.248,4.556,28,2969,8993,3201,2697
1F20_A.pdb,147,23.32155,19.992,9.849,67,6952,19552,8004,6021
1JBS_A.pdb,57,9.04305,7.752,3.819,27,2316,7652,3112,2001
1G92_A.pdb,32450,5148.1925,4413.2,2174.15,42,5519,36387562,7088,5509
2Q2V_A.pdb,64,10.1536,8.704,4.288,33,3748,8488,3865,3228
1N7S_C.pdb,12,1.9038,1.632,0.804,10,1256,1461,1198,896
3BEU_A.pdb,134,21.2591,18.224,8.978,59,3263,17402,6359,3140
2ZK9_X.pdb,65,10.31225,8.84,4.355,26,2718,8735,3059,2471
2IVG_A.pdb,42,6.6633,5.712,2.814,25,2428,5008,2667,2038
2VG0_A.pdb,53,8.40845,7.208,3.551,31,3495,6718,3583,2853
1GX7_D.pdb,32,5.0768,4.352,2.144,26,1476,3758,2935,1201
1HX0_A.pdb,172,27.2878,23.392,11.524,61,7592,23993,7397,7049
1IMO_A.pdb,35,5.55275,4.76,2.345,8,1819,6816,1251,1733
2K38_A.pdb,9,1.42785,1.224,0.603,5,764,1322,638,596
2Z9W_A.pdb,123,19.51395,16.728,8.241,52,5831,16773,6236,5271
1DDF_A.pdb,39,6.18735,5.304,2.613,16,2710,6793,2342,2078
3CTK_A.pdb,82,13.0093,11.152,5.494,24,3946,11461,2947,3507
3CG5_A.pdb,98,15.5477,13.328,6.566,43,3940,13657,5296,3632
1EQC_A.pdb,96,15.2304,13.056,6.432,40,6181,12794,4488,5296
2ZDO_D.pdb,24,3.8076,3.264,1.608,7,1776,3145,791,1000
1JZP_A.pdb,12,1.9038,1.632,0.804,12,475,1757,1757,434
1OA8_D.pdb,56,8.8844,7.616,3.752,19,2015,7196,2210,1838
2YVP_A.pdb,72,11.4228,9.792,4.824,24,2906,9904,2837,2627
3DT7_A.pdb,28,4.4422,3.808,1.876,5,9722,4067,660,2458
1LOV_A.pdb,39,6.18735,5.304,2.613,13,1451,5081,1372,1306
1FSG_C.pdb,3,0.47595,0.408,0.201,1,3734,419,128,334
1GVR_A.pdb,96,15.2304,13.056,6.432,41,5501,13490,5146,4747
2RBK_A.pdb,97,15.38905,13.192,6.499,35,4033,13663,4285,3715
1LMT_A.pdb,43,6.82195,5.848,2.881,26,2094,5591,3156,1826
1ITX_A.pdb,147,23.32155,19.992,9.849,52,6273,20449,6202,5878
1JAE_A.pdb,162,25.7013,22.032,10.854,66,6928,22521,8066,6547
2Q9O_A.pdb,227,36.01355,30.872,15.209,73,8451,32278,9173,7708
2OXF_A.pdb,83,13.16795,11.288,5.561,42,3757,11211,5217,3420
2NT0_A.pdb,176,27.9224,23.936,11.792,50,7755,25110,6314,7052
2QJJ_A.pdb,120,19.038,16.32,8.04,40,6282,16725,4831,5605
1JYO_A.pdb,55,8.72575,7.48,3.685,29,2030,7023,3353,1782
2RLT_A.pdb,33,5.23545,4.488,2.211,11,2168,6484,1665,1732
3B50_A.pdb,108,17.1342,14.688,7.236,39,4858,15056,4786,4337
2QMT_A.pdb,21,3.33165,2.856,1.407,8,858,2546,868,788
2VU8_I.pdb,13,2.06245,1.768,0.871,13,477,1429,1429,420
1CMC_A.pdb,20,3.173,2.72,1.34,14,1678,2412,1613,1205
2MHR_A.pdb,25,3.96625,3.4,1.675,10,2508,4006,1457,2055
2ODI_A.pdb,90,14.2785,12.24,6.03,30,3793,12230,3564,3372
2V3Z_A.pdb,148,23.4802,20.128,9.916,54,6897,20523,6380,6147
1K7J_A.pdb,57,9.04305,7.752,3.819,24,3165,7677,2929,2731
1HTR_P.pdb,8,1.2692,1.088,0.536,3,748,954,324,389
1JFL_A.pdb,64,10.1536,8.704,4.288,22,3629,8617,2482,3193
2INC_C.pdb,41,6.50465,5.576,2.747,15,1340,5535,1859,1278
2RFW_A.pdb,171,27.12915,23.256,11.457,63,6355,24070,7540,5812
3CNK_A.pdb,42,6.6633,5.712,2.814,22,1384,5310,2670,1243
1IUF_A.pdb,9,1.42785,1.224,0.603,1,3170,1600,140,879
3GAL_B.pdb,78,12.3747,10.608,5.226,30,2093,10573,3569,1984
1I1W_A.pdb,88,13.9612,11.968,5.896,40,5870,15447,6175,5386
2OB1_A.pdb,108,17.1342,14.688,7.236,37,5158,15202,4490,4632
2ZLZ_A.pdb,79,12.53335,10.744,5.293,32,4650,10567,3775,3977
3D30_A.pdb,89,14.11985,12.104,5.963,24,3234,12464,2787,2938
2Q35_A.pdb,84,13.3266,11.424,5.628,35,3805,11323,4239,3457
2V5M_A.pdb,170,26.9705,23.12,11.39,70,6007,22592,8578,5537
1EQ9_A.pdb,108,17.1342,14.688,7.236,50,3325,14804,6381,3043
1D2E_A.pdb,173,27.44645,23.528,11.591,56,6179,24697,6971,5826
1AK6_A.pdb,40,6.346,5.44,2.68,11,3629,7619,1627,2592
1BXV_A.pdb,41,6.50465,5.576,2.747,15,1354,5285,1665,1243
1CPQ_A.pdb,32,5.0768,4.352,2.144,24,1863,3837,2686,1612
2VYY_A.pdb,25,3.96625,3.4,1.675,10,1610,3026,1027,1298
2QGI_A.pdb,72,11.4228,9.792,4.824,27,3951,9752,3134,3216
1DIN_A.pdb,66,10.4709,8.976,4.422,21,3479,8725,2433,3103
2UXQ_A.pdb,124,19.6726,16.864,8.308,47,6373,16612,5264,5541
2Z8I_B.pdb,59,9.36035,8.024,3.953,41,2796,7134,4628,2486
3F7J_A.pdb,70,11.1055,9.52,4.69,30,4447,9491,3485,3913
1JLI_A.pdb,41,6.50465,5.576,2.747,12,2426,7712,1840,1988
1HG8_A.pdb,85,13.48525,11.56,5.695,50,4950,11630,6149,4442
2Z1Y_A.pdb,120,19.038,16.32,8.04,47,6114,16317,5494,5528
1BTS_A.pdb,3,0.47595,0.408,0.201,3,405,351,351,282
1CHC_A.pdb,19,3.01435,2.584,1.273,7,1357,3164,982,1034
1GTO_A.pdb,13,2.06245,1.768,0.871,8,953,1678,901,798
1NEP_A.pdb,66,10.4709,8.976,4.422,23,2040,9047,2889,1881
3BOH_A.pdb,61,9.67765,8.296,4.087,25,3196,8099,2803,2790
1AG9_A.pdb,55,8.72575,7.48,3.685,23,2677,7393,2711,2407
1I2T_A.pdb,13,2.06245,1.768,0.871,6,961,1720,709,738
2VU1_B.pdb,136,21.5764,18.496,9.112,64,5656,19030,7900,5082
1MK4_A.pdb,29,4.60085,3.944,1.943,7,2507,3923,754,1253
1LUG_A.pdb,108,17.1342,14.688,7.236,24,4066,15373,2873,3763
2QTR_B.pdb,49,7.77385,6.664,3.283,14,3100,6712,1572,2580
2NZ7_B.pdb,25,3.96625,3.4,1.675,15,1592,3107,1688,1285
2P8I_A.pdb,48,7.6152,6.528,3.216,23,1782,6115,2546,1560
2VB9_C.pdb,138,21.8937,18.768,9.246,71,5910,19324,9197,5443
1NKG_A.pdb,233,36.96545,31.688,15.611,81,7423,32599,9835,6890
1GX7_A.pdb,156,24.7494,21.216,10.452,63,5748,21741,7649,5348
2PES_A.pdb,122,19.3553,16.592,8.174,54,4672,16193,6620,4166
1JXC_A.pdb,17,2.69705,2.312,1.139,10,1291,2520,1343,952
2JP3_A.pdb,30,4.7595,4.08,2.01,26,1309,4082,3536,1133
1B3A_A.pdb,20,3.173,2.72,1.34,6,1076,2627,644,811
1C02_A.pdb,37,5.87005,5.032,2.479,19,2669,4874,2230,1957
2ZNR_A.pdb,57,9.04305,7.752,3.819,24,2788,7773,2751,2234
1L1C_A.pdb,26,4.1249,3.536,1.742,8,1182,4600,1247,1008
2RKQ_A.pdb,59,9.36035,8.024,3.953,27,2549,8117,3281,2387
1B0Y_A.pdb,32,5.0768,4.352,2.144,14,1221,4321,1709,1117
2VXW_A.pdb,16,2.5384,2.176,1.072,5,1102,2087,514,778
1FK5_A.pdb,24,3.8076,3.264,1.608,18,1240,2891,2006,1114
1GO9_A.pdb,18,2.8557,2.448,1.206,18,853,2565,2565,740
1GVD_A.pdb,11,1.74515,1.496,0.737,7,907,1371,834,629
1O7V_A.pdb,57,9.04305,7.752,3.819,28,1995,7422,3195,1828
1CS6_A.pdb,165,26.17725,22.44,11.055,62,5888,21511,7103,5321
1GPI_A.pdb,196,31.0954,26.656,13.132,93,6166,27190,11514,5849
2RC7_B.pdb,94,14.9131,12.784,6.298,32,4403,12636,3608,4046
1J1N_A.pdb,159,25.22535,21.624,10.653,38,7958,22420,4371,7071
1BBG_A.pdb,15,2.37975,2.04,1.005,7,730,2394,958,563
2QPZ_A.pdb,47,7.45655,6.392,3.149,15,1578,6459,1825,1475
1LSL_A.pdb,37,5.87005,5.032,2.479,21,1619,4241,2227,1444
1C4Q_A.pdb,33,5.23545,4.488,2.211,15,1039,4331,1765,1013
1F3U_A.pdb,44,6.9806,5.984,2.948,28,1797,5013,2860,1630
1AB1_A.pdb,12,1.9038,1.632,0.804,12,823,1788,1788,761
1GU7_A.pdb,120,19.038,16.32,8.04,46,5550,16258,5342,5006
2Z37_A.pdb,68,10.7882,9.248,4.556,38,3656,8915,4533,3167
1JFX_A.pdb,58,9.2017,7.888,3.886,25,3215,7920,2901,2851
2ODG_A.pdb,38,6.0287,5.168,2.546,17,1850,6156,2366,1611
1J9L_A.pdb,70,11.1055,9.52,4.69,26,3905,9268,3219,3181
1HO2_A.pdb,14,2.2211,1.904,0.938,14,439,2089,2089,411
3GDP_A.pdb,175,27.76375,23.8,11.725,65,7842,24321,8069,7101
1J7G_A.pdb,55,8.72575,7.48,3.685,18,2258,7697,2071,2030
1NSC_A.pdb,162,25.7013,22.032,10.854,43,6174,23481,5562,5465
2QUL_A.pdb,78,12.3747,10.608,5.226,28,4528,10549,3216,4026
e4XED.pdb,39,6.18735,5.304,2.613,12,1602,5298,1446,1377
1J09_A.pdb,148,23.4802,20.128,9.916,50,7624,20143,5867,6947
2W40_B.pdb,46,7.2979,6.256,3.082,6,7974,6798,728,3018
2QHD_A.pdb,36,5.7114,4.896,2.412,20,1877,4509,2259,1611
1DJR_F.pdb,38,6.0287,5.168,2.546,12,1664,5119,1410,1403
3CX5_D.pdb,72,11.4228,9.792,4.824,39,3843,8979,4397,3225
3C7X_A.pdb,91,14.43715,12.376,6.097,12,3196,13197,1343,2945
3E0X_A.pdb,41,6.50465,5.576,2.747,13,3818,5705,1627,2483
2ZKN_A.pdb,80,12.692,10.88,5.36,30,2016,10721,3521,1954
1AT0_A.pdb,80,12.692,10.88,5.36,30,2270,11150,3731,2170
1BGV_A.pdb,153,24.27345,20.808,10.251,56,6844,20903,6565,6269
2JNR_A.pdb,1,0.15865,0.136,0.067,1,411,135,135,135
2PV2_A.pdb,44,6.9806,5.984,2.948,22,1540,5734,2602,1375
1NGL_A.pdb,74,11.7401,10.064,4.958,21,3824,12852,2958,2981
2PET_A.pdb,103,16.34095,14.008,6.901,50,3540,13659,6064,3200
3D3Y_A.pdb,35,5.55275,4.76,2.345,6,6669,4746,672,2292
1IUA_A.pdb,37,5.87005,5.032,2.479,12,1206,5025,1507,1109
1DUS_A.pdb,59,9.36035,8.024,3.953,16,3114,8117,1912,2589
1HPI_A.pdb,28,4.4422,3.808,1.876,8,1046,3789,933,998
2OH5_A.pdb,104,16.4996,14.144,6.968,44,3901,14023,5297,3518
1B6G_A.pdb,100,15.865,13.6,6.7,25,4812,13836,2830,4398
1EYH_A.pdb,43,6.82195,5.848,2.881,20,2335,5711,2321,2082
3CKG_A.pdb,126,19.9899,17.136,8.442,72,3479,16692,8776,3240
1NWZ_A.pdb,56,8.8844,7.616,3.752,14,1910,7783,1565,1768
2RHW_A.pdb,76,12.0574,10.336,5.092,32,4433,10186,3864,3828
1FL2_A.pdb,97,15.38905,13.192,6.499,41,4652,12947,4778,4002
1AFW_B.pdb,170,26.9705,23.12,11.39,60,5948,23992,7369,5647
3CO1_A.pdb,2,0.3173,0.272,0.134,0,2150,277,0,272
1FW5_A.pdb,12,1.9038,1.632,0.804,11,433,1770,1591,375
3B8F_B.pdb,44,6.9806,5.984,2.948,13,2262,6035,1500,1956
3BV4_A.pdb,82,13.0093,11.152,5.494,40,5231,11079,4661,4337
1ITV_A.pdb,91,14.43715,12.376,6.097,17,3134,12549,1858,2814
2JB2_B.pdb,172,27.2878,23.392,11.524,95,7221,22477,11099,6545
2NTE_A.pdb,50,7.9325,6.8,3.35,20,3391,6767,2335,2690
2IQY_A.pdb,9,1.42785,1.224,0.603,1,2920,1367,122,722
2NX0_A.pdb,51,8.09115,6.936,3.417,19,2228,6824,2249,2022
3G5T.pdb,96,15.2304,13.056,6.432,38,6633,16970,5938,5560
3E2T_A.pdb,87,13.80255,11.832,5.829,26,4931,11863,2970,3992
1O9R_A.pdb,36,5.7114,4.896,2.412,12,2504,5043,1478,2071
1FOB_A.pdb,107,16.97555,14.552,7.169,46,5052,14724,5646,4711
1DGW_A.pdb,80,12.692,10.88,5.36,28,2902,10891,3271,2580
1K12_A.pdb,71,11.26415,9.656,4.757,34,2294,9659,4202,2167
2OR2_A.pdb,86,13.6439,11.696,5.762,33,4720,12420,4135,4149
1F46_B.pdb,45,7.13925,6.12,3.015,13,2178,6097,1411,1798
2ZD2_A.pdb,66,10.4709,8.976,4.422,24,3635,8900,2814,3079
3CI5_G.pdb,49,7.77385,6.664,3.283,14,1974,6537,1491,1747
1AMT.pdb,18,2.8557,2.448,1.206,18,859,2346,2346,614
2POR_A.pdb,189,29.98485,25.704,12.663,74,4289,24597,8612,4170
2QUD_A.pdb,19,3.01435,2.584,1.273,11,1950,2359,1203,792
2J8G_A.pdb,116,18.4034,15.776,7.772,36,5312,15663,4040,4623
1GCI_A.pdb,82,13.0093,11.152,5.494,40,4804,14966,6618,4347
2P3J_A.pdb,76,12.0574,10.336,5.092,24,2482,10385,2856,2347
1JI9_A.pdb,7,1.11055,0.952,0.469,7,646,910,910,455
2IPZ_A.pdb,2,0.3173,0.272,0.134,2,586,202,202,202
2VH3_B.pdb,27,4.28355,3.672,1.809,13,1694,3482,1433,1390
1OA2_A.pdb,119,18.87935,16.184,7.973,48,3179,16349,5626,3012
1JEK_A.pdb,5,0.79325,0.68,0.335,5,610,585,585,387
1KR7_A.pdb,23,3.64895,3.128,1.541,8,1596,2834,825,1103
1NYT_A.pdb,56,8.8844,7.616,3.752,25,4121,7380,2838,3318
3BCJ_A.pdb,24,3.8076,3.264,1.608,11,5058,3209,1250,1996
1HZE_A.pdb,45,7.13925,6.12,3.015,21,1914,7763,3161,1570
1HZM_A.pdb,43,6.82195,5.848,2.881,20,3184,7346,2989,2474
2PY0_A.pdb,48,7.6152,6.528,3.216,26,1728,6293,3049,1544
1BHE_A.pdb,74,11.7401,10.064,4.958,48,5659,10055,6130,4208
3G5W_A.pdb,140,22.211,19.04,9.38,45,4986,19660,5627,4605
8TFV_A.pdb,4090,648.8785,556.24,274.03,1181,8673,1463704,179122,8318
1O82_A.pdb,19,3.01435,2.584,1.273,13,1056,2234,1418,926
3CX5_A.pdb,170,26.9705,23.12,11.39,76,6656,23481,9374,6078
3CX5_H.pdb,27,4.28355,3.672,1.809,15,1507,2955,1498,1062
2Z57_A.pdb,104,16.4996,14.144,6.968,44,4548,14869,5584,4218
1JG7_A.pdb,80,12.692,10.88,5.36,22,5767,10875,2529,4672
3C82_A.pdb,51,8.09115,6.936,3.417,23,2622,6756,2734,2335
3DHI_E.pdb,44,6.9806,5.984,2.948,14,1621,5879,1538,1466
4ENG_A.pdb,83,13.16795,11.288,5.561,39,3025,11037,4791,2907
1NTV_A.pdb,66,10.4709,8.976,4.422,23,2426,9091,2752,2128
2VP7_B.pdb,4,0.6346,0.544,0.268,3,493,404,300,231
2QC1_B.pdb,55,8.72575,7.48,3.685,17,3429,7416,2113,2627
1KX2_A.pdb,16,2.5384,2.176,1.072,6,1544,2554,848,817
3BI3_A.pdb,84,13.3266,11.424,5.628,24,3106,11565,2739,2722
1MTY_B.pdb,119,18.87935,16.184,7.973,45,6176,16145,5158,5419
1MRO_A.pdb,161,25.54265,21.896,10.787,67,8210,22101,7834,7269
1FLT_W.pdb,41,6.50465,5.576,2.747,21,1550,4882,2356,1411
1C8U_A.pdb,134,21.2591,18.224,8.978,53,4450,18398,6236,4002
2V6K_A.pdb,57,9.04305,7.752,3.819,22,3337,7623,2520,2806
1BZ4_A.pdb,29,4.60085,3.944,1.943,14,2361,3778,1574,1794
1CSH_A.pdb,128,20.3072,17.408,8.576,56,6749,17071,6398,5930
1IT2_A.pdb,44,6.9806,5.984,2.948,10,2411,6069,1157,2087
1CEM_A.pdb,98,15.5477,13.328,6.566,39,5497,13735,4905,4715
1NVM_B.pdb,102,16.1823,13.872,6.834,42,4638,14028,5128,4228
1CNZ_A.pdb,117,18.56205,15.912,7.839,57,5531,15846,6989,5107
3F5V_A.pdb,79,12.53335,10.744,5.293,22,3397,10903,2575,2900
2PMU_B.pdb,34,5.3941,4.624,2.278,8,1692,4372,805,1413
1CTJ_A.pdb,31,4.91815,4.216,2.077,20,1270,3715,2288,1164
2P8V_A.pdb,53,8.40845,7.208,3.551,18,1846,7063,2030,1631
1J71_A.pdb,157,24.90805,21.352,10.519,55,4953,21824,6773,4648
3CRT_A.pdb,64,10.1536,8.704,4.288,17,3511,8733,1929,3136
3BIE_A.pdb,84,13.3266,11.424,5.628,23,3128,11619,2672,2721
3F17_A.pdb,35,5.55275,4.76,2.345,16,2396,4609,1899,1740
1HQ0_A.pdb,112,17.7688,15.232,7.504,38,4577,15886,4934,4065
2PND_A.pdb,47,7.45655,6.392,3.149,16,1943,6376,1897,1580
1B9P_A.pdb,8,1.2692,1.088,0.536,5,803,1150,675,533
1GAI_A.pdb,125,19.83125,17.0,8.375,57,7062,17029,6962,6298
2IGI_A.pdb,61,9.67765,8.296,4.087,22,2881,8490,2679,2573
2J46_B.pdb,78,12.3747,10.608,5.226,42,6218,13575,6384,5120
1C3W_A.pdb,107,16.97555,14.552,7.169,21,3498,15489,2558,3394
1G8Q_A.pdb,24,3.8076,3.264,1.608,19,1362,2886,2180,1051
2J43_A.pdb,80,12.692,10.88,5.36,27,3425,10776,3167,2953
1FSJ_B.pdb,46,7.2979,6.256,3.082,27,2120,5841,3173,1900
1KLQ_A.pdb,92,14.5958,12.512,6.164,20,4189,16749,3270,3395
3DDC_A.pdb,44,6.9806,5.984,2.948,23,2625,5810,2795,2210
3C4P_B.pdb,75,11.89875,10.2,5.025,34,2405,10132,4107,2151
1JIW_P.pdb,116,18.4034,15.776,7.772,44,6764,15825,5104,5689
2VB1_A.pdb,48,7.6152,6.528,3.216,25,2541,8035,3740,2179
3FI5_A.pdb,48,7.6152,6.528,3.216,15,2642,6576,1816,2303
1AFB_1.pdb,45,7.13925,6.12,3.015,16,2356,6080,1909,1669
2POS_A.pdb,36,5.7114,4.896,2.412,14,1441,4365,1510,1281
1LLN_A.pdb,68,10.7882,9.248,4.556,29,3798,9205,3389,3124
3F6Q_B.pdb,3,0.47595,0.408,0.201,2,1102,393,244,268
1MKN_A.pdb,17,2.69705,2.312,1.139,9,1181,2456,1134,893
1HH5_A.pdb,25,3.96625,3.4,1.675,23,997,2750,2490,867
3BN6_A.pdb,74,11.7401,10.064,4.958,22,2492,10638,2893,2260
1GOF_A.pdb,277,43.94605,37.672,18.559,111,9424,39881,14495,8747
3PRN_A.pdb,176,27.9224,23.936,11.792,86,4161,22992,10423,3950
2Z7F_E.pdb,105,16.65825,14.28,7.035,36,3283,14562,4446,2980
1N2A_A.pdb,62,9.8363,8.432,4.154,23,3231,8378,2582,2900
2SFA_A.pdb,98,15.5477,13.328,6.566,44,2600,13587,5321,2537
2ZEX_A.pdb,51,8.09115,6.936,3.417,10,2213,7283,1157,1881
2Z0J_A.pdb,64,10.1536,8.704,4.288,23,3524,8593,2617,3077
1JL6_A.pdb,43,6.82195,5.848,2.881,22,2094,5616,2620,1866
2Z56_B.pdb,29,4.60085,3.944,1.943,13,1035,3783,1516,874
1ETF_B.pdb,14,2.2211,1.904,0.938,14,583,2223,2223,514
1JLN_A.pdb,90,14.2785,12.24,6.03,35,4716,12222,4006,4031
3E4G_A.pdb,56,8.8844,7.616,3.752,18,2869,7789,2191,2403
1JRM_A.pdb,49,7.77385,6.664,3.283,19,2268,9374,3018,1997
1ET1_A.pdb,3,0.47595,0.408,0.201,3,578,299,299,220
1ATZ_B.pdb,43,6.82195,5.848,2.881,22,2837,5689,2609,2402
1JDR_A.pdb,96,15.2304,13.056,6.432,44,4805,13146,5344,4206
2QXA_C.pdb,76,12.0574,10.336,5.092,28,3015,10305,3280,2664
2IWB_A.pdb,112,17.7688,15.232,7.504,32,4015,16528,3996,3607
1KVD_A.pdb,12,1.9038,1.632,0.804,10,881,1337,1064,542
1GUD_A.pdb,58,9.2017,7.888,3.886,34,4317,7626,4072,3413
1LOI_A.pdb,60802,9646.2373,8269.072,4073.734,6,3814,58682549,864,3749
1C9O_A.pdb,32,5.0768,4.352,2.144,7,1019,4237,711,882
2J7Q_A.pdb,74,11.7401,10.064,4.958,31,3438,9992,3586,2945
1HFW_B.pdb,75,11.89875,10.2,5.025,36,4736,9820,4263,3954
2ZS0_D.pdb,36,5.7114,4.896,2.412,22,2015,4547,2533,1687
2R1U_A.pdb,52,8.2498,7.072,3.484,30,2804,6976,3743,2408
3GO5_A.pdb,117,18.56205,15.912,7.839,35,4443,16158,4228,3857
2PQC_A.pdb,187,29.66755,25.432,12.529,96,6577,26012,11971,6187
2OD4_A.pdb,16,2.5384,2.176,1.072,2,1553,2167,238,718
3BEO_A.pdb,29,4.60085,3.944,1.943,16,5912,3976,1908,1944
1A88_A.pdb,74,11.7401,10.064,4.958,42,4090,9839,5216,3542
3B7E_A.pdb,170,26.9705,23.12,11.39,48,5744,24360,6184,5240
3CX5_B.pdb,120,19.038,16.32,8.04,39,5506,16657,4792,4767
3G8D_B.pdb,148,23.4802,20.128,9.916,53,6850,20450,6331,6109
2JFR_A.pdb,69,10.94685,9.384,4.623,38,3361,9534,4779,2592
2VUZ_A.pdb,53,8.40845,7.208,3.551,22,1861,7086,2446,1757
2J9I_A.pdb,125,19.83125,17.0,8.375,99,5504,13895,10452,4585
1CZ4_A.pdb,59,9.36035,8.024,3.953,16,4006,10717,2395,3317
2VDZ_A.pdb,198,31.4127,26.928,13.266,74,7257,27510,8947,6795
1B69_A.pdb,16,2.5384,2.176,1.072,7,1555,2453,971,1023
3C4O_B.pdb,74,11.7401,10.064,4.958,26,2422,10144,3082,2156
2Q0L_A.pdb,106,16.8169,14.416,7.102,44,4688,14011,5138,4313
3C7Z_A.pdb,58,9.2017,7.888,3.886,23,2608,7674,2727,2434
2O1R_A.pdb,11,1.74515,1.496,0.737,6,1201,1418,690,574
1GWY_A.pdb,80,12.692,10.88,5.36,20,2694,11468,2509,2450
3F0U_X.pdb,52,8.2498,7.072,3.484,19,2529,6968,2185,2270
2Q6U_A.pdb,131,20.78315,17.816,8.777,49,5791,17704,5701,5150
3B3T_A.pdb,82,13.0093,11.152,5.494,36,4283,11552,4557,3898
3CAG_A.pdb,29,4.60085,3.944,1.943,18,1132,3690,2101,960
2ZPO_A.pdb,52,8.2498,7.072,3.484,26,1781,6948,3108,1580
1JU8_A.pdb,8,1.2692,1.088,0.536,5,680,1152,649,464
1BU7_A.pdb,155,24.59075,21.08,10.385,63,7304,20732,7343,6559
1F53_A.pdb,43,6.82195,5.848,2.881,5,1688,8212,841,1403
2SIC_I.pdb,41,6.50465,5.576,2.747,24,1500,5210,2837,1228
4UBP_C.pdb,216,34.2684,29.376,14.472,81,8581,31031,10228,7981
1G5A_A.pdb,211,33.47515,28.696,14.137,88,9862,29060,10837,9062
2P6H_A.pdb,59,9.36035,8.024,3.953,26,2097,7523,2916,1966
1N7S_D.pdb,14,2.2211,1.904,0.938,12,1020,1604,1329,778
1G12_A.pdb,52,8.2498,7.072,3.484,26,2407,7143,3176,2190
3CAG_B.pdb,32,5.0768,4.352,2.144,20,1146,4120,2346,1031
1J0H_A.pdb,223,35.37895,30.328,14.941,75,9512,31177,9075,8605
1C75_A.pdb,24,3.8076,3.264,1.608,16,1275,3645,2237,1212
1G29_1.pdb,154,24.4321,20.944,10.318,32,5955,21323,3673,5488
1CQ0_A.pdb,16,2.5384,2.176,1.072,14,554,2374,1991,486
1LUA_A.pdb,73,11.58145,9.928,4.891,37,4167,9682,4516,3597
1KAF_A.pdb,47,7.45655,6.392,3.149,13,1763,6549,1520,1560
1JI1_A.pdb,249,39.50385,33.864,16.683,83,9675,35294,10388,9089
1A92_A.pdb,21,3.33165,2.856,1.407,13,875,2463,1450,782
3B7I_A.pdb,86,13.6439,11.696,5.762,40,4280,12073,5029,3831
1K1Z_A.pdb,21,3.33165,2.856,1.407,4,1618,3663,614,969
1IOW_A.pdb,116,18.4034,15.776,7.772,54,4622,15370,6448,4374
1JAY_A.pdb,57,9.04305,7.752,3.819,29,3248,7815,3619,2721
1E7L_A.pdb,43,6.82195,5.848,2.881,24,2534,5211,2535,2154
1DYT_A.pdb,51,8.09115,6.936,3.417,21,2159,6850,2495,1823
2ZKD_A.pdb,71,11.26415,9.656,4.757,27,3223,9917,3319,2765
2ZDH_A.pdb,110,17.4515,14.96,7.37,37,4919,15267,4432,4527
2QDX_A.pdb,99,15.70635,13.464,6.633,27,4112,13744,3200,3756
2R3T_A.pdb,40,6.346,5.44,2.68,16,1560,5310,1810,1257
1LWD_A.pdb,132,20.9418,17.952,8.844,52,6537,17598,6068,5915
1K50_A.pdb,27,4.28355,3.672,1.809,15,947,3285,1674,885
1C0P_A.pdb,124,19.6726,16.864,8.308,49,5545,16942,5819,4837
1NKP_B.pdb,20,3.173,2.72,1.34,14,1361,2489,1605,1145
3CDR_A.pdb,53,8.40845,7.208,3.551,22,2606,6993,2593,2430
2PVQ_A.pdb,61,9.67765,8.296,4.087,27,3072,7928,2979,2866
1D7P_M.pdb,75,11.89875,10.2,5.025,13,2519,10803,1430,2227
1J8Q_A.pdb,37,5.87005,5.032,2.479,18,2130,4665,1899,1735
1NEY_A.pdb,63,9.99495,8.568,4.221,27,4939,10680,3901,4253
3SIL_A.pdb,182,28.8743,24.752,12.194,52,5787,26266,6620,5271
3FOJ_A.pdb,20,3.173,2.72,1.34,11,1440,2312,1150,1151
2V0U_A.pdb,60,9.519,8.16,4.02,16,2360,8229,1826,2107
2NRG_A.pdb,31,4.91815,4.216,2.077,16,1712,4973,2318,1468
1DY5_A.pdb,51,8.09115,6.936,3.417,23,2379,8679,3512,2101
1LNI_A.pdb,34,5.3941,4.624,2.278,16,1439,4528,1782,1300
1LJU_A.pdb,28,4.4422,3.808,1.876,15,2034,3547,1663,1515
1BSM_A.pdb,70,11.1055,9.52,4.69,19,3119,9656,2292,2730
3DDT_A.pdb,0,0.0,0.0,0.0,0,711,0,0,0
3EWO_A.pdb,2,0.3173,0.272,0.134,0,2701,296,0,148
1BSL_B.pdb,103,16.34095,14.008,6.901,55,4986,13526,6568,4649
1M45_B.pdb,2,0.3173,0.272,0.134,1,428,199,79,199
3DER_A.pdb,119,18.87935,16.184,7.973,38,5405,16407,4566,4790
1BUD_A.pdb,54,8.5671,7.344,3.618,32,3002,7078,3830,2667
2RA3_A.pdb,98,15.5477,13.328,6.566,33,3319,13797,4209,3029
3C81_A.pdb,54,8.5671,7.344,3.618,25,2616,7078,2950,2367
3CCD_A.pdb,35,5.55275,4.76,2.345,19,1285,4550,2293,1207
2VA4_A.pdb,92,14.5958,12.512,6.164,43,2925,11799,4887,2677
3G5P_A.pdb,78,12.3747,10.608,5.226,32,2898,10363,3804,2478
1HLQ_A.pdb,27,4.28355,3.672,1.809,12,1101,3575,1428,973
1AKO_A.pdb,110,17.4515,14.96,7.37,37,4303,15189,4408,3929
1JEK_B.pdb,3,0.47595,0.408,0.201,2,559,353,252,349
1J0P_A.pdb,4,0.6346,0.544,0.268,4,1588,456,456,421
7AHL_B.pdb,149,23.63885,20.264,9.983,63,4811,19804,6924,4380
1B2P_A.pdb,50,7.9325,6.8,3.35,13,1837,6960,1508,1596
2QBT_A.pdb,108,17.1342,14.688,7.236,47,6024,14714,5779,5215
1O8V_A.pdb,70,11.1055,9.52,4.69,27,2121,9330,3154,1948
1MTY_D.pdb,173,27.44645,23.528,11.591,68,8486,24460,8591,7370
2R9P_A.pdb,99,15.70635,13.464,6.633,34,3348,13900,4228,3006
2RL3_B.pdb,108,17.1342,14.688,7.236,34,3887,15134,3964,3624
1BF6_B.pdb,79,12.53335,10.744,5.293,36,4534,11014,4434,3913
3EZM_A.pdb,50,7.9325,6.8,3.35,42,1510,5496,4492,1387
1FR3_A.pdb,33,5.23545,4.488,2.211,17,1050,4039,1887,878
1EJD_A.pdb,151,23.95615,20.536,10.117,56,6340,20853,6682,5658
2Z51_A.pdb,53,8.40845,7.208,3.551,29,2387,6727,3296,1977
1NYC_A.pdb,12,1.9038,1.632,0.804,4,1806,1743,487,711
351C_A.pdb,27,4.28355,3.672,1.809,18,1215,3185,1953,1135
1H2E_A.pdb,60,9.519,8.16,4.02,39,3278,7678,4664,2825
1GXG_A.pdb,36,5.7114,4.896,2.412,22,1722,6037,3227,1632
1AUO_A.pdb,52,8.2498,7.072,3.484,26,3334,6745,3031,2944
1DXG_A.pdb,13,2.06245,1.768,0.871,8,517,1533,877,457
2PVB_A.pdb,28,4.4422,3.808,1.876,13,1585,3647,1486,1416
1AZP_A.pdb,32,5.0768,4.352,2.144,14,1158,4034,1563,1059
3C61_A.pdb,43,6.82195,5.848,2.881,18,4735,5843,2284,2157
1IIJ_A.pdb,278,44.1047,37.808,18.626,25,4080,89812,3604,3564
1BBY_A.pdb,21,3.33165,2.856,1.407,9,1573,3411,1203,1367
1JK3_A.pdb,34,5.3941,4.624,2.278,16,2399,4473,1907,1724
2OQA_A.pdb,75,11.89875,10.2,5.025,24,3684,10363,2906,3259
3D0P_A.pdb,38,6.0287,5.168,2.546,10,2164,5185,1181,1867
1KDL_A.pdb,11,1.74515,1.496,0.737,4,504,1713,542,391
3FJ7_A.pdb,88,13.9612,11.968,5.896,25,3628,12102,2970,3387
3DAA_A.pdb,102,16.1823,13.872,6.834,37,4463,14059,4599,3951
3CJJ_A.pdb,90,14.2785,12.24,6.03,32,3389,12177,3876,2805
2RA7_A.pdb,21,3.33165,2.856,1.407,12,2040,2693,1398,1443
1KX5_A.pdb,21,3.33165,2.856,1.407,16,2223,2458,1755,1373
1M4L_A.pdb,79,12.53335,10.744,5.293,34,4774,10861,4213,3958
2R1H_A.pdb,41,6.50465,5.576,2.747,12,2259,5492,1387,1945
2VCG_D.pdb,128,20.3072,17.408,8.576,60,5532,18132,7569,5236
1E8R_A.pdb,54923,8713.53395,7469.528,3679.841,22,4568,46389446,4368,4418
2NTT_B.pdb,82,13.0093,11.152,5.494,24,3481,11203,2901,3190
2QHL_C.pdb,50,7.9325,6.8,3.35,18,1780,6724,2157,1581
1NF9_A.pdb,61,9.67765,8.296,4.087,29,3237,8170,3334,2750
2VEK_B.pdb,53,8.40845,7.208,3.551,17,3632,7135,2104,3121
1DIX_A.pdb,72,11.4228,9.792,4.824,26,3082,9774,3103,2789
1AW7_A.pdb,74,11.7401,10.064,4.958,27,3090,9856,3164,2842
1D2V_A.pdb,22,3.4903,2.992,1.474,18,1635,2277,1805,1123
3EFI_A.pdb,105,16.65825,14.28,7.035,27,4017,15038,3363,3709
1B63_A.pdb,30,4.7595,4.08,2.01,15,5237,3927,1766,1830
1ABA_A.pdb,21,3.33165,2.856,1.407,7,1393,2627,706,1105
2INC_B.pdb,95,15.07175,12.92,6.365,40,5169,13046,4743,4491
2ODG_C.pdb,17,2.69705,2.312,1.139,9,1051,2563,1162,898
1LPL_A.pdb,40,6.346,5.44,2.68,12,1435,5339,1373,1222
1HD2_A.pdb,70,11.1055,9.52,4.69,26,2412,9599,3187,2346
1BI6_H.pdb,9,1.42785,1.224,0.603,2,800,1367,285,585
1C44_A.pdb,45,7.13925,6.12,3.015,14,1887,6099,1612,1682
2Z1Y_B.pdb,124,19.6726,16.864,8.308,50,6203,16850,5860,5519
1M4I_A.pdb,76,12.0574,10.336,5.092,29,2777,10207,3380,2517
2OMU_B.pdb,0,0.0,0.0,0.0,0,1619,0,0,0
1FGY_A.pdb,51,8.09115,6.936,3.417,15,2063,7131,1712,1806
2QY1_A.pdb,75,11.89875,10.2,5.025,39,4879,10548,5026,3906
1FLT_X.pdb,39,6.18735,5.304,2.613,13,1544,5164,1472,1295
1M2K_A.pdb,73,11.58145,9.928,4.891,37,3909,9610,4377,3464
1BG4_A.pdb,91,14.43715,12.376,6.097,40,4545,12369,4740,4274
1GUR_A.pdb,230,36.4895,31.28,15.41,142,7301,36236,20531,5441
1NPS_A.pdb,38,6.0287,5.168,2.546,12,1320,5242,1359,1245
1A3H_A.pdb,88,13.9612,11.968,5.896,36,4559,12263,4423,4132
2J6C_A.pdb,33,5.23545,4.488,2.211,13,1777,4448,1438,1526
2OR7_B.pdb,48,7.6152,6.528,3.216,22,1742,6406,2596,1537
1JXK_A.pdb,176,27.9224,23.936,11.792,67,7599,24736,8330,7179
1EWI_A.pdb,36,5.7114,4.896,2.412,18,2405,6119,2639,1925
8RUC_I.pdb,40,6.346,5.44,2.68,14,2020,5261,1533,1540
2IXT_B.pdb,97,15.38905,13.192,6.499,47,4374,13793,6129,3969
3CB7_A.pdb,55,8.72575,7.48,3.685,12,1945,7843,1477,1759
1N13_B.pdb,42,6.6633,5.712,2.814,23,1732,5417,2691,1403
1CYQ_A.pdb,58,9.2017,7.888,3.886,35,2425,7264,4201,2008
3GA3_A.pdb,60,9.519,8.16,4.02,17,2169,8205,1948,2005
3GMX_A.pdb,74,11.7401,10.064,4.958,25,2378,10392,3029,2198
3CT5_A.pdb,47,7.45655,6.392,3.149,17,2546,6805,2124,2166
2QCU_B.pdb,183,29.03295,24.888,12.261,60,7953,25188,7304,7160
1JHD_A.pdb,123,19.51395,16.728,8.241,50,6073,16655,5928,5326
2OYA_A.pdb,37,5.87005,5.032,2.479,24,1491,4643,2887,1294
1ESJ_A.pdb,0,0.0,0.0,0.0,0,4167,0,0,0
3EO6_A.pdb,53,8.40845,7.208,3.551,30,1493,6775,3495,1410
1KO3_A.pdb,88,13.9612,11.968,5.896,28,3403,12447,3571,3153
2RH3_A.pdb,32,5.0768,4.352,2.144,14,1898,4036,1569,1614
3C7Y_A.pdb,55,8.72575,7.48,3.685,21,2604,7244,2404,2410
1FE4_A.pdb,23,3.64895,3.128,1.541,13,1043,2837,1457,805
1ETA_1.pdb,53,8.40845,7.208,3.551,26,1912,6814,3006,1671
1E29_A.pdb,33,5.23545,4.488,2.211,17,2087,4460,2130,1650
2IK0_B.pdb,112,17.7688,15.232,7.504,37,4519,15657,4560,4093
1F8D_A.pdb,166,26.3359,22.576,11.122,61,5956,24056,8113,5454
2PMK_A.pdb,76,12.0574,10.336,5.092,34,3865,10093,3972,3144
1BYI_A.pdb,54,8.5671,7.344,3.618,25,3379,6959,2736,2763
1F5J_A.pdb,109,17.29285,14.824,7.303,39,3056,15113,4604,2902
1DLW_A.pdb,38,6.0287,5.168,2.546,20,1663,4715,2160,1467
5NUL_A.pdb,30,4.7595,4.08,2.01,19,2125,3734,2153,1685
3CQL_A.pdb,65,10.31225,8.84,4.355,31,3661,8730,3808,3128
1KTN_A.pdb,68,10.7882,9.248,4.556,31,3806,9379,3688,3381
1A2Z_A.pdb,57,9.04305,7.752,3.819,15,3539,7846,1737,3068
2JOD_B.pdb,5,0.79325,0.68,0.335,2,796,735,223,444
2VO4_A.pdb,63,9.99495,8.568,4.221,20,3636,8765,2335,3154
2Z57_B.pdb,27,4.28355,3.672,1.809,12,1039,3523,1383,858
1J8R_A.pdb,80,12.692,10.88,5.36,13,3083,10860,1489,2678
3B3W_A.pdb,90,14.2785,12.24,6.03,43,4280,12538,5402,3884
3C4E_A.pdb,90,14.2785,12.24,6.03,25,4384,12354,2972,3694
2IXL_C.pdb,88,13.9612,11.968,5.896,20,3126,11581,2178,2799
1AMM_A.pdb,82,13.0093,11.152,5.494,21,2839,11645,2478,2611
2NPL_X.pdb,44,6.9806,5.984,2.948,27,1899,6743,3926,1681
1HP9_A.pdb,9,1.42785,1.224,0.603,9,431,1172,1172,373
1B71_A.pdb,69,10.94685,9.384,4.623,21,2979,9813,2626,2629
3BLP_X.pdb,174,27.6051,23.664,11.658,71,7627,24007,8698,7075
1IRL_A.pdb,46,7.2979,6.256,3.082,27,2903,7220,3834,2535
1EB6_A.pdb,45,7.13925,6.12,3.015,26,2562,6003,3067,2144
2ZBO_A.pdb,30,4.7595,4.08,2.01,24,1235,3618,2787,1094
2QSK_A.pdb,34,5.3941,4.624,2.278,31,1267,4306,3864,1152
1KAB_A.pdb,49,7.77385,6.664,3.283,18,2204,6516,2129,1871
6RLX_A.pdb,0,0.0,0.0,0.0,0,361,0,0,0
1EQ6_A.pdb,86,13.6439,11.696,5.762,32,2947,11500,3737,2576
1HBN_B.pdb,157,24.90805,21.352,10.519,52,6597,21696,6391,6084
3VUB_A.pdb,41,6.50465,5.576,2.747,12,1645,5698,1374,1431
2V8I_A.pdb,176,27.9224,23.936,11.792,63,8499,24219,7574,7536
2J3P_A.pdb,66,10.4709,8.976,4.422,21,2104,9117,2534,1921
1C1Y_B.pdb,34,5.3941,4.624,2.278,19,1244,4330,2191,1153
3DQY_A.pdb,47,7.45655,6.392,3.149,11,1605,6351,1196,1436
2RJV_A.pdb,18,2.8557,2.448,1.206,9,1079,2183,936,925
3DHM_A.pdb,21,3.33165,2.856,1.407,5,1638,2792,562,779
2PBK_A.pdb,79,12.53335,10.744,5.293,34,3531,10600,3973,3178
1NBC_A.pdb,76,12.0574,10.336,5.092,24,2355,10451,2970,2189
1HJS_A.pdb,104,16.4996,14.144,6.968,37,5095,14895,4618,4711
3EZA_A.pdb,75,11.89875,10.2,5.025,38,5142,12347,5705,4192
1EMZ_A.pdb,8,1.2692,1.088,0.536,6,396,1034,752,356
1M40_A.pdb,92,14.5958,12.512,6.164,32,5119,16653,4852,4774
2JHX_A.pdb,66,10.4709,8.976,4.422,19,2219,8895,2349,1999
1GKP_A.pdb,147,23.32155,19.992,9.849,51,7054,20919,6561,6374
3BXU_A.pdb,26,4.1249,3.536,1.742,24,1058,2751,2537,929
1D4U_A.pdb,26,4.1249,3.536,1.742,5,2420,4675,674,1648
1HLL_A.pdb,12,1.9038,1.632,0.804,8,699,1809,1190,623
3CHO_A.pdb,239,37.91735,32.504,16.013,87,9698,33123,11018,9013
2NXG_A.pdb,78,12.3747,10.608,5.226,24,4161,10935,2854,3772
1I60_A.pdb,82,13.0093,11.152,5.494,22,4321,11349,2510,3950
1GWM_A.pdb,78,12.3747,10.608,5.226,22,2352,10809,2511,2097
2NLS_A.pdb,13,2.06245,1.768,0.871,9,523,1554,1004,440
1DJ0_A.pdb,98,15.5477,13.328,6.566,35,4152,13680,4274,3592
1L4T_A.pdb,0,0.0,0.0,0.0,0,530,0,0,0
3F0I_A.pdb,12,1.9038,1.632,0.804,4,1826,1737,510,716
1GK7_A.pdb,6,0.9519,0.816,0.402,3,654,726,308,471
3BS1_A.pdb,51,8.09115,6.936,3.417,11,1707,7036,1286,1540
3CX5_G.pdb,39,6.18735,5.304,2.613,22,2050,4868,2559,1818
1KPT_A.pdb,43,6.82195,5.848,2.881,24,1489,5650,2848,1386
1LWB_A.pdb,33,5.23545,4.488,2.211,18,2293,4953,2301,1967
1GVU_A.pdb,146,23.1629,19.856,9.782,65,4648,19745,7929,4442
1NLS_A.pdb,118,18.7207,16.048,7.906,44,3558,16486,5457,3323
1MD6_A.pdb,69,10.94685,9.384,4.623,28,2358,9402,3280,2070
2O4V_A.pdb,238,37.7587,32.368,15.946,85,6231,32569,10719,5659
7AAT_A.pdb,112,17.7688,15.232,7.504,54,6306,15066,6656,5579
1NQ6_A.pdb,87,13.80255,11.832,5.829,44,4471,11423,5116,4074
1GQ8_A.pdb,66,10.4709,8.976,4.422,33,4775,8813,4030,3742
1GBS_A.pdb,58,9.2017,7.888,3.886,23,2855,7866,2878,2560
2JGO_A.pdb,5,0.79325,0.68,0.335,4,467,530,384,323
1C8C_A.pdb,26,4.1249,3.536,1.742,10,1106,3401,1206,905
3CDV_A.pdb,55,8.72575,7.48,3.685,22,2611,7342,2562,2406
2R2N_A.pdb,121,19.19665,16.456,8.107,49,6677,16422,5869,5839
1IAB_A.pdb,58,9.2017,7.888,3.886,20,3060,7943,2471,2713
3C8Q_A.pdb,53,8.40845,7.208,3.551,21,2606,6997,2437,2373
1CTO_A.pdb,31,4.91815,4.216,2.077,6,2277,5416,855,1650
1A4M_A.pdb,109,17.29285,14.824,7.303,45,5538,15310,5627,4991
1F08_A.pdb,54,8.5671,7.344,3.618,17,2392,7314,1938,2137
2NSP_A.pdb,83,13.16795,11.288,5.561,47,5128,11047,5707,4442
1BSG_A.pdb,102,16.1823,13.872,6.834,46,4003,14131,5725,3763
1HSL_A.pdb,83,13.16795,11.288,5.561,34,3682,11108,4018,3464
2QFA_B.pdb,5,0.79325,0.68,0.335,2,1098,587,248,474
1GU2_A.pdb,36,5.7114,4.896,2.412,23,1909,4572,2622,1684
2ZP5_A.pdb,32,5.0768,4.352,2.144,21,1850,3825,2309,1654
1GMX_A.pdb,28,4.4422,3.808,1.876,11,1619,3679,1265,1393
2TGI_A.pdb,46,7.2979,6.256,3.082,22,1748,5774,2566,1624
2W0G_A.pdb,36,5.7114,4.896,2.412,16,2176,4693,1869,1893
3E48_B.pdb,65,10.31225,8.84,4.355,30,4334,8284,3425,3462
1LU0_A.pdb,10,1.5865,1.36,0.67,8,437,1055,807,399
2P3K_A.pdb,73,11.58145,9.928,4.891,22,2496,10235,2683,2342
1B11_A.pdb,45,7.13925,6.12,3.015,11,1821,6199,1282,1555
2O04_A.pdb,107,16.97555,14.552,7.169,55,5939,14830,6976,5084
1KQP_A.pdb,57,9.04305,7.752,3.819,34,5592,9487,5051,4232
3CJK_A.pdb,25,3.96625,3.4,1.675,12,1042,3301,1407,833
2V7X_A.pdb,121,19.19665,16.456,8.107,38,4375,17192,4515,4043
2P1H_A.pdb,21,3.33165,2.856,1.407,10,1502,2772,1171,1187
3GBA_A.pdb,77,12.21605,10.472,5.159,21,4100,10747,2472,3563
1J31_A.pdb,98,15.5477,13.328,6.566,18,4114,13783,2117,3807
1G8S_A.pdb,74,11.7401,10.064,4.958,16,3724,10417,1987,3225
2IS9_A.pdb,52,8.2498,7.072,3.484,26,3411,6580,2920,2825
3CDQ_A.pdb,54,8.5671,7.344,3.618,23,2600,7137,2728,2239
2V9V_A.pdb,38,6.0287,5.168,2.546,16,2867,6368,2382,2300
2ZP4_A.pdb,35,5.55275,4.76,2.345,21,1838,4232,2254,1632
1DMC_A.pdb,7,1.11055,0.952,0.469,7,579,921,921,449
2VKJ_A.pdb,30,4.7595,4.08,2.01,12,1735,3889,1270,1561
1GX6_A.pdb,160,25.384,21.76,10.72,81,8062,21241,9753,7136
2VIA_A.pdb,126,19.9899,17.136,8.442,59,6195,17242,7193,5532
1EU3_A.pdb,84,13.3266,11.424,5.628,30,3385,11353,3715,3162
2V3Y_A.pdb,148,23.4802,20.128,9.916,54,6896,20529,6348,6164
1DJP_A.pdb,95,15.07175,12.92,6.365,51,4985,12799,6269,4359
2ZFZ_A.pdb,34,5.3941,4.624,2.278,21,1132,4402,2445,1089
3NUL_A.pdb,51,8.09115,6.936,3.417,15,1978,7072,1817,1835
1BIO_A.pdb,112,17.7688,15.232,7.504,55,3397,15356,6666,3224
1GY2_A.pdb,52,8.2498,7.072,3.484,16,2329,7155,1888,1993
2VGP_D.pdb,8,1.2692,1.088,0.536,6,698,833,599,486
1HZN_A.pdb,10,1.5865,1.36,0.67,9,587,1372,1233,521
1A8E_A.pdb,125,19.83125,17.0,8.375,39,5011,17358,4744,4588
1LJ9_A.pdb,41,6.50465,5.576,2.747,12,2381,5489,1331,1977
1MUN_A.pdb,69,10.94685,9.384,4.623,30,3535,9279,3598,3121
1BS4_A.pdb,59,9.36035,8.024,3.953,17,2736,8084,2070,2309
1MOL_A.pdb,44,6.9806,5.984,2.948,11,1562,5858,1194,1387
1KYF_A.pdb,116,18.4034,15.776,7.772,31,5135,20129,4625,4593
1KTA_A.pdb,132,20.9418,17.952,8.844,43,5841,18597,5034,5006
2QHT_A.pdb,74,11.7401,10.064,4.958,23,3292,10236,2635,2847
3B7A_A.pdb,30,4.7595,4.08,2.01,10,1954,3940,1187,1641
1LYQ_B.pdb,48,7.6152,6.528,3.216,26,1558,6201,3059,1414
2ZFZ_B.pdb,35,5.55275,4.76,2.345,19,1139,4629,2242,1057
2ZW1_A.pdb,15,2.37975,2.04,1.005,6,883,1921,713,686
2JL1_A.pdb,77,12.21605,10.472,5.159,37,4385,10144,4291,3851
1JKM_B.pdb,110,17.4515,14.96,7.37,55,5338,14657,6601,4763
2SAK_A.pdb,42,6.6633,5.712,2.814,12,1968,5449,1392,1728
1D2V_C.pdb,134,21.2591,18.224,8.978,54,7447,18217,6480,6359
1CZT_A.pdb,15,2.37975,2.04,1.005,3,2626,2216,358,1378
2QWO_B.pdb,22,3.4903,2.992,1.474,9,1513,2840,943,1295
1KEX_A.pdb,72,11.4228,9.792,4.824,16,2458,10371,2032,2220
2Z9X_A.pdb,121,19.19665,16.456,8.107,53,5831,16385,6368,5235
2V6A_I.pdb,50,7.9325,6.8,3.35,20,2243,6270,2107,2025
1LYP_A.pdb,14,2.2211,1.904,0.938,9,846,2137,1308,710
1EEJ_A.pdb,72,11.4228,9.792,4.824,36,3281,9444,4188,2888
1M0S_A.pdb,74,11.7401,10.064,4.958,30,3304,10107,3467,2942
3EGV_A.pdb,83,13.16795,11.288,5.561,24,3908,11131,2766,3189
3CAY_A.pdb,0,0.0,0.0,0.0,0,313,0,0,0
3E08_G.pdb,76,12.0574,10.336,5.092,42,4518,9398,4693,3672
1NEQ_A.pdb,31,4.91815,4.216,2.077,20,1570,4637,2728,1394
2IN0_A.pdb,79,12.53335,10.744,5.293,33,2175,11066,4174,2116
2OGF_B.pdb,14,2.2211,1.904,0.938,7,1982,1727,740,876
1NG6_A.pdb,30,4.7595,4.08,2.01,15,2405,3875,1759,1852
3FWG_B.pdb,144,22.8456,19.584,9.648,50,6351,20178,6119,5933
1H32_A.pdb,100,15.865,13.6,6.7,57,3944,12890,6630,3631
2V8L_A.pdb,50,7.9325,6.8,3.35,13,1597,6809,1524,1431
1DP7_P.pdb,28,4.4422,3.808,1.876,16,1250,3572,1783,1129
2Z30_A.pdb,107,16.97555,14.552,7.169,45,4573,15303,5636,4254
1J2M_A.pdb,26,4.1249,3.536,1.742,14,2187,4454,2202,1612
1GXM_B.pdb,107,16.97555,14.552,7.169,40,5061,14682,4763,4582
1HQS_A.pdb,121,19.19665,16.456,8.107,44,6520,16372,5030,5663
2QIA_A.pdb,61,9.67765,8.296,4.087,36,3932,8352,4597,3333
3CX5_E.pdb,65,10.31225,8.84,4.355,27,2794,8176,2857,2497
2UXY_A.pdb,109,17.29285,14.824,7.303,45,5211,14887,5326,4621
2YQU_A.pdb,139,22.05235,18.904,9.313,50,7002,19272,5860,6156
1C05_A.pdb,63,9.99495,8.568,4.221,28,3514,10505,4166,3110
1DQI_A.pdb,54,8.5671,7.344,3.618,15,1999,7248,1717,1707
1MK0_A.pdb,35,5.55275,4.76,2.345,9,1605,4811,1076,1294
1DFM_A.pdb,79,12.53335,10.744,5.293,33,3551,10252,3630,3203
1AGJ_A.pdb,118,18.7207,16.048,7.906,33,3772,16958,4185,3505
3ECM_A.pdb,99,15.70635,13.464,6.633,43,5362,13207,5019,4796
1E4D_C.pdb,96,15.2304,13.056,6.432,28,3848,13246,3297,3473
3DEO_A.pdb,50,7.9325,6.8,3.35,24,2790,6582,2772,2325
1IU8_A.pdb,52,8.2498,7.072,3.484,14,3216,7173,1596,2876
1H6Q_A.pdb,49,7.77385,6.664,3.283,13,3439,8402,1883,2828
3BGX_A.pdb,83,13.16795,11.288,5.561,43,4213,10641,4990,3419
1AOZ_A.pdb,199,31.57135,27.064,13.333,60,8558,27610,7313,7309
1FS5_A.pdb,70,11.1055,9.52,4.69,30,4162,9456,3550,3610
2W5R_A.pdb,122,19.3553,16.592,8.174,40,6788,16941,4755,5934
1H4G_B.pdb,112,17.7688,15.232,7.504,36,3170,15778,4364,3002
2UUY_B.pdb,15,2.37975,2.04,1.005,5,768,1865,538,648
2P26_A.pdb,106,16.8169,14.416,7.102,61,4193,13474,7143,3655
2JFZ_A.pdb,65,10.31225,8.84,4.355,19,4060,8816,2273,3412
1DK8_A.pdb,41,6.50465,5.576,2.747,16,2343,5301,1771,2035
2W11_A.pdb,46,7.2979,6.256,3.082,11,3413,6398,1206,2376
2QXU_A.pdb,52,8.2498,7.072,3.484,27,2688,6931,3381,2415
3EIP_A.pdb,38,6.0287,5.168,2.546,7,1309,5012,753,1210
1KOP_A.pdb,79,12.53335,10.744,5.293,29,3484,10801,3443,3114
1HBZ_A.pdb,159,25.22535,21.624,10.653,77,7708,21552,9341,6485
2QQR_A.pdb,53,8.40845,7.208,3.551,15,1794,6942,1628,1630
2VKF_A.pdb,28,4.4422,3.808,1.876,10,926,3531,1142,859