filename,modeledUniqueAtomsInDDD,numNonUniqueAtomsInDDD,actualUniqueAtomsInDDD
2Z3V_A.pdb,1597,3627,1280
2ONQ_A.pdb,516,824,317
3DP5_A.pdb,208,208,143
1KFW_A.pdb,4590,8571,3591
1B8A_A.pdb,2880,4272,2087
1AYO_A.pdb,776,1062,509
1ESW_A.pdb,4234,7427,3360
1F2R_C.pdb,795,1254,485
1L6W_A.pdb,2514,4863,1591
1GUI_A.pdb,1257,1655,877
1BHP_A.pdb,584,1574,489
2V8T_A.pdb,2607,4465,1721
1E6Y_E.pdb,4131,7817,3184
1G10_A.pdb,1343,2496,891
1AJS_A.pdb,4225,6558,2819
1EDG_A.pdb,2917,5039,2115
1HTW_A.pdb,729,959,626
2ZCF_B.pdb,2062,3585,1464
1I5G_A.pdb,1140,1991,998
3GD8_A.pdb,1550,1916,983
1G6X_A.pdb,405,444,298
3EPV_A.pdb,1529,4315,1445
1K5N_A.pdb,2801,5542,2249
1G9J_A.pdb,5398,8037,3795
1NPI_A.pdb,695,1927,624
1MJN_A.pdb,1670,2635,1566
1G85_A.pdb,1675,3228,1232
256B_A.pdb,1437,4148,1498
1KOY_A.pdb,1122,2349,1039
3BO6_A.pdb,2357,5563,2010
2PWA_A.pdb,2648,4450,1958
2Z2F_A.pdb,1578,3212,1333
1EE8_A.pdb,2183,3195,1989
3F4W_A.pdb,2180,3733,1559
1E9K_A.pdb,233,233,146
1MB4_A.pdb,3712,5676,2527
1G9H_A.pdb,4763,9469,3568
2PLX_B.pdb,379,905,354
2YWO_A.pdb,1383,1926,829
1N7S_B.pdb,1006,2875,868
1EAX_A.pdb,2460,5573,1735
2JG6_A.pdb,1506,2191,1246
3C7F_A.pdb,3397,5329,2577
3FF5_A.pdb,683,1599,743
1BOR_A.pdb,247,312,228
2NN8_A.pdb,616,657,227
1BGF_A.pdb,978,1474,660
1H0H_B.pdb,2121,4332,1749
3BZY_B.pdb,397,479,361
2RCT_A.pdb,0,0,0
2VAY_B.pdb,232,312,113
1K63_A.pdb,2383,2773,1557
2W8B_B.pdb,3473,6136,2574
2PBR_A.pdb,1430,1827,899
1NYJ_A.pdb,361,952,360
1DHN_A.pdb,1093,2089,850
3EUO_A.pdb,3277,6424,2753
2PSP_A.pdb,1148,2274,1036
1CZP_A.pdb,907,1702,684
2PI6_A.pdb,3435,5898,2808
1HJ0_A.pdb,837,3928,851
1EHS_A.pdb,654,857,531
1EDQ_A.pdb,4770,7609,3558
3B3V_A.pdb,3005,5931,2412
1H4P_A.pdb,3322,4742,2703
1FM4_A.pdb,1592,2779,1183
1KX5_B.pdb,1030,2102,736
2IVB_A.pdb,1595,2303,996
1C5E_A.pdb,807,1191,679
2JFN_A.pdb,2312,3366,1864
2ZW0_A.pdb,0,0,0
2QCP_X.pdb,668,760,414
3ESL_B.pdb,2310,3904,1652
1CQW_A.pdb,2098,3300,1575
2QUZ_A.pdb,1760,2747,1238
1DAQ_A.pdb,234,234,168
1JY9_A.pdb,277,286,277
1LQV_C.pdb,0,0,0
2O4Q_A.pdb,3578,6016,2883
1NE9_A.pdb,2891,3993,1999
3EAU_A.pdb,3094,4827,2362
1GDV_A.pdb,932,2443,954
2VEI_A.pdb,2733,4725,1851
2R4A_A.pdb,2175,3219,1411
1LAM_A.pdb,3997,6095,2882
2V1Q_A.pdb,0,0,0
1J83_A.pdb,1360,1571,1014
1DPT_A.pdb,1285,2660,1155
2UWR_A.pdb,351,367,193
1G8K_B.pdb,1159,1873,929
1O06_A.pdb,260,1221,266
3FJX_A.pdb,4039,6350,2571
3BBC_A.pdb,1685,3097,1323
1CCW_B.pdb,4074,5725,2722
3CY4_B.pdb,1407,2137,932
2JNR_B.pdb,161,161,127
1H8M_A.pdb,1334,2310,1289
2QUB_A.pdb,1001,1104,657
2OB3_A.pdb,3588,6215,2952
1GNT_A.pdb,4694,6324,3234
1AY7_B.pdb,615,969,593
2OIT_A.pdb,3217,3841,1963
1FJJ_A.pdb,1094,1346,614
2QJL_A.pdb,1080,1763,855
1GCC_A.pdb,537,613,329
1DQE_A.pdb,1547,2909,1273
1NXU_B.pdb,3557,7018,2683
3FK0_A.pdb,4068,6365,2669
2VLW_A.pdb,431,777,381
1EGN_A.pdb,5009,11094,3986
1HCD_A.pdb,1625,3269,1274
1LQ9_A.pdb,1332,2541,980
3B35_A.pdb,3378,6260,2492
1IQZ_A.pdb,708,1140,604
1J34_A.pdb,1221,1980,948
1K7C_A.pdb,2444,3849,1558
1JET_A.pdb,4234,5280,2785
1B5F_B.pdb,1177,3585,907
1LOK_A.pdb,2785,5367,2121
1F2H_A.pdb,2234,4472,1802
3E4H_A.pdb,370,1290,361
1DW9_A.pdb,1516,2671,1249
1MF7_A.pdb,1738,2808,1326
1DLJ_A.pdb,3105,4658,2320
1GK9_B.pdb,4415,6760,3383
2RG2_A.pdb,2256,3132,1722
2RKL_A.pdb,785,2427,736
1MC2_A.pdb,1126,1714,935
1M07_A.pdb,1105,2032,885
2OMW_A.pdb,4209,6655,3171
1CCW_A.pdb,1199,2373,1266
1MRJ_A.pdb,2376,3998,1802
3EXE_B.pdb,3323,5379,2251
2VFX_E.pdb,1850,2650,1177
3D4U_B.pdb,896,2173,769
3D25_B.pdb,398,545,351
1FT5_A.pdb,2385,4175,1692
1AMT_A.pdb,100,157,100
2YXN_A.pdb,2963,5204,2500
1ISU_A.pdb,668,1142,628
1MHN_A.pdb,158,158,129
3BFQ_G.pdb,1617,3453,1238
1GQN_A.pdb,2766,4445,2312
1GNY_A.pdb,1241,1987,872
2Q88_A.pdb,949,1099,555
1MUW_A.pdb,5233,11612,4200
1AA3_A.pdb,581,681,176
2VOL_B.pdb,480,561,400
2W5Q_A.pdb,3109,3926,2252
1BOM_A.pdb,339,945,354
2Z2O_C.pdb,1732,2532,1527
1DCI_A.pdb,3323,6705,2581
2IZX_B.pdb,503,925,437
1DGF_A.pdb,4730,8469,3539
1MIX_A.pdb,1696,2836,1236
2SN3_A.pdb,985,2231,875
1G6G_A.pdb,1128,1719,815
1A8L_A.pdb,1887,2895,1364
2ZQN_A.pdb,278,296,239
1BHU_A.pdb,1056,1777,1098
2ZDP_A.pdb,166,166,157
3E9L_A.pdb,1955,3092,1364
3ETJ_A.pdb,3180,5010,2282
1K3Y_A.pdb,2169,3186,1622
2R6Q_A.pdb,897,1140,555
2Q5B_A.pdb,947,1261,561
2INC_A.pdb,4787,8205,3834
2PPP_A.pdb,1070,1599,710
1DBF_A.pdb,1079,1174,578
2P8B_A.pdb,2295,3156,1621
1C7K_A.pdb,1384,2782,1193
1HRE_A.pdb,698,1328,581
3CIB_A.pdb,2891,3987,2070
1AVA_A.pdb,3643,5238,2602
3EDN_A.pdb,2301,2881,1308
2RLC_A.pdb,2179,2821,1657
2W0P_B.pdb,834,1391,711
3CAO_A.pdb,1336,4219,1227
1LLP_A.pdb,3162,5303,2235
3BWY_A.pdb,2024,3166,1366
1FE6_A.pdb,701,2521,689
1I1D_D.pdb,554,803,541
1K77_A.pdb,2518,3155,1700
2Z8A_B.pdb,1936,3887,1713
2VPG_C.pdb,723,1633,616
3C8C_A.pdb,2647,4779,2051
1E2W_A.pdb,1346,2443,1318
2V9M_A.pdb,2915,4546,2220
1DFU_P.pdb,1076,1825,492
2ZC1_A.pdb,3342,6952,2953
1H7O_A.pdb,3151,5704,2553
2VVM_A.pdb,4221,6139,3262
2Z9X_B.pdb,3643,6513,2642
1HPG_A.pdb,2351,11998,1878
3CX5_C.pdb,2171,2967,1900
3C62_A.pdb,1448,4480,1388
1N7S_A.pdb,959,3941,904
3C2U_A.pdb,2245,2812,1292
1FF3_A.pdb,1707,2773,1439
1I4J_A.pdb,855,1035,515
3BOD_A.pdb,1249,1612,728
1ASU_A.pdb,1811,3583,1524
3C83_A.pdb,1845,3196,1507
2V1P_A.pdb,3413,5386,2501
2ZQO_A.pdb,326,326,243
1AGI_A.pdb,820,1163,689
1BM8_A.pdb,727,990,540
1FH9_A.pdb,3256,5966,2778
3FLL_A.pdb,1425,2463,984
1MTY_G.pdb,1848,3293,1375
2VG3_A.pdb,2388,4079,1815
2RI0_B.pdb,1829,2329,1319
1EBL_A.pdb,3101,5628,2464
1BKP_B.pdb,2358,4083,1761
1E6Y_C.pdb,2177,4170,1854
1KDG_B.pdb,5229,9300,3801
2YZT_A.pdb,524,727,397
2Q2N_A.pdb,3263,5219,2387
8TLN_E.pdb,2760,4683,2214
1N70_A.pdb,2720,3972,1879
1GCA_A.pdb,2902,4696,2029
1AVB_B.pdb,2223,3929,1678
1E08_E.pdb,1080,2732,951
1MRO_C.pdb,2413,3807,1547
2ZAL_A.pdb,1731,3705,1198
2PU9_A.pdb,1425,2815,1139
1E43_A.pdb,3995,6532,3006
1GPE_A.pdb,4486,6985,3201
1IOO_A.pdb,1042,1151,768
1B94_A.pdb,1754,2651,1469
2W7A_A.pdb,975,1507,747
1KOE_A.pdb,1161,1383,858
1AUN_A.pdb,1852,2807,1583
1DTD_B.pdb,489,925,407
2ONS_A.pdb,2149,3415,1789
1HEH_C.pdb,1073,1970,730
1NOA_A.pdb,1213,2420,709
1M1N_B.pdb,5727,9964,4277
2RI9_A.pdb,4347,6804,3283
2Z7F_I.pdb,528,1076,489
2RKN_A.pdb,920,2515,949
1GZJ_A.pdb,2868,4263,2055
2ZE3_A.pdb,3118,6903,2578
1GQA_A.pdb,1644,4627,1535
3C7W_A.pdb,1798,3629,1414
3F6B_X.pdb,4688,7736,3740
2YWL_A.pdb,1770,3446,1560
3DQP_A.pdb,1970,2726,1481
2ZFZ_F.pdb,915,2581,949
1L9L_A.pdb,1238,2535,1062
1KVD_B.pdb,786,2156,443
1CP2_A.pdb,2304,3808,2103
2Z0A_D.pdb,911,2294,974
1D7D_A.pdb,1572,2247,1238
1NOF_A.pdb,4321,6527,3171
1L7A_A.pdb,1673,1997,1376
1H7E_A.pdb,2216,3735,1851
1MKC_A.pdb,233,233,128
1AH7_A.pdb,2189,3087,1586
1IYB_A.pdb,1794,3451,1488
3D1G_A.pdb,2735,4041,2029
1IBY_A.pdb,1036,1334,526
3CDT_A.pdb,1721,3159,1407
1IQC_A.pdb,3244,6193,2321
3BH4_A.pdb,4284,6286,2891
2PZ4_A.pdb,590,617,393
1FTR_A.pdb,2434,4185,1784
3FJU_B.pdb,701,1232,614
1DI2_A.pdb,884,1565,529
6STD_A.pdb,1429,2756,1429
2NW0_A.pdb,1051,1503,827
2PNE_A.pdb,842,5321,842
1NNS_A.pdb,3371,6311,2502
2UWA_A.pdb,1681,2187,1124
1H72_C.pdb,2117,3592,1900
2ZP3_A.pdb,1437,3339,1322
1O9I_A.pdb,2693,6150,2419
2VN6_B.pdb,400,534,352
2J5Y_A.pdb,0,0,0
1G8A_A.pdb,1714,2562,1447
1BKB_A.pdb,932,1383,670
2NW8_A.pdb,2629,4273,1932
3C8Y_A.pdb,5238,8068,3724
1IG0_B.pdb,2671,3930,1744
3FG9_A.pdb,620,630,388
2JYP_A.pdb,164,164,163
1IDK_A.pdb,3518,6105,2723
1LXJ_A.pdb,1149,2361,859
1CJW_A.pdb,1354,1986,953
3BF7_A.pdb,1932,2620,1249
3DHA_A.pdb,2231,3519,1741
1BUO_A.pdb,1229,2372,715
1K20_A.pdb,3356,5813,2821
1GVJ_B.pdb,1705,3021,1288
1EUV_A.pdb,2210,3062,1329
1KCZ_A.pdb,3100,4788,2095
1GVP_A.pdb,1003,1272,452
1GT9_1.pdb,3332,5911,2689
1KEW_A.pdb,3563,5608,2804
2VPB_B.pdb,366,833,272
2VOA_A.pdb,1597,2196,1418
1A56_A.pdb,1154,2385,817
1GK2_A.pdb,5882,11966,4646
3BOY_A.pdb,1658,4347,1432
1G24_A.pdb,1659,2661,1019
2ZS0_C.pdb,1981,5493,1770
1C1K_A.pdb,1481,2060,1254
1BB1_A.pdb,487,1084,427
2IJX_A.pdb,1276,1995,1081
1HQK_A.pdb,1430,2523,1292
2VVM_B.pdb,4464,6256,3466
2IZB_A.pdb,1671,5278,1462
1IVD_A.pdb,3886,6658,2984
3B4X_A.pdb,3182,4221,1911
3EMS_A.pdb,1425,3284,1259
1BUY_A.pdb,2296,3777,1818
1NHC_A.pdb,3711,7750,2830
2MCM_A.pdb,1096,2388,814
2RCA_A.pdb,3129,6329,2138
1I27_A.pdb,872,1644,590
1NRA_A.pdb,958,1795,771
2IFV_A.pdb,1316,1782,1014
2QDV_A.pdb,467,543,319
3FAS_A.pdb,2254,3571,2118
3B5T_B.pdb,905,1394,791
2ZGY_A.pdb,3343,5871,2600
2PBD_P.pdb,1611,3575,1366
2VYZ_A.pdb,973,1914,793
1MEQ_A.pdb,192,192,114
1D2S_A.pdb,1378,2246,1228
1M70_A.pdb,2031,4839,2066
1F5V_A.pdb,2810,5478,2294
1EE2_A.pdb,2707,3866,1748
1DOQ_A.pdb,602,763,509
1GYH_A.pdb,1861,2448,1189
1CGH_A.pdb,2315,3634,1700
2Z0A_C.pdb,537,1029,508
1LK5_A.pdb,1473,1911,1012
2J7Z_A.pdb,624,781,348
2Z6R_B.pdb,2260,2835,1383
1K7H_A.pdb,5393,9108,4052
3DD2_L.pdb,445,5075,423
1H6L_A.pdb,2983,3922,2178
1FLM_A.pdb,993,1562,609
2IMF_A.pdb,2495,5627,1682
1IQQ_A.pdb,1105,1341,747
1HCR_A.pdb,611,1057,448
1EXG_A.pdb,1641,3618,1318
3DR9_A.pdb,1810,3651,1374
3C63_A.pdb,1409,4223,1455
2PA8_L.pdb,1211,2858,856
3GMV_X.pdb,1585,2589,1206
3D72_A.pdb,1380,2139,1072
3FH2_A.pdb,279,279,145
3CDO_C.pdb,1717,2341,1187
1BDS_A.pdb,425,593,286
3B3S_A.pdb,3090,6488,2463
3FJ5_A.pdb,538,695,398
3D3B_J.pdb,519,870,418
1G6U_A.pdb,733,2892,711
1LBV_A.pdb,1375,2013,859
3E8M_A.pdb,1672,2186,1189
2J73_A.pdb,342,342,266
1GNU_A.pdb,763,1249,720
2JGP_A.pdb,4149,6852,3747
1MXG_A.pdb,2579,3977,2097
1E0C_A.pdb,2797,4737,2139
1BJW_A.pdb,3723,6392,2465
2OV0_A.pdb,518,623,376
1DOS_A.pdb,3616,6486,2622
2JOD_A.pdb,603,752,526
3FJU_A.pdb,2469,3642,1766
1HP1_A.pdb,4420,7194,3437
2IXK_A.pdb,1603,2475,1031
1N12_A.pdb,1394,2865,1335
1MWP_A.pdb,716,1165,545
2VZP_B.pdb,1108,2086,864
2VG1_A.pdb,2663,5699,2241
2Q2A_A.pdb,2064,2995,1535
1I6F_A.pdb,901,2720,783
1L2P_A.pdb,917,3594,908
2OAW_A.pdb,484,621,162
1FUS_A.pdb,1105,2567,818
1MZ9_A.pdb,615,1228,458
1A23_A.pdb,2073,3255,1738
1HPU_A.pdb,4958,9708,4100
1FIU_A.pdb,2990,5989,2697
1N71_A.pdb,2145,4176,1473
2PQD_A.pdb,4901,10157,3941
1D0D_A.pdb,533,936,362
3DPG_A.pdb,2932,5587,2371
2OKL_A.pdb,709,842,379
3C7M_A.pdb,1685,3061,1387
1F86_A.pdb,1038,1630,776
1FD3_A.pdb,557,1132,403
1I8O_A.pdb,1060,1964,933
1HNR_A.pdb,691,1507,817
2QMO_A.pdb,1827,2705,1468
1FXD_A.pdb,675,1143,629
1F00_I.pdb,2974,4659,2175
1MVE_A.pdb,2087,3307,1442
1HKK_A.pdb,3527,6160,2576
1BNO_A.pdb,652,1097,654
1M5S_A.pdb,2008,2883,1683
1MOG_A.pdb,747,1131,354
1IXH_A.pdb,3997,7087,2982
3B9Z_A.pdb,3003,4096,1902
2Z58_B.pdb,352,590,437
2V1T_A.pdb,658,1255,531
2MNR_A.pdb,3396,5033,2507
1ATA_A.pdb,783,2156,874
3D80_A.pdb,1327,2293,985
3G5T_A.pdb,3809,5453,2768
1IB8_A.pdb,945,1129,607
1NI8_A.pdb,604,1436,532
2PU9_B.pdb,127,127,112
1EW4_A.pdb,1007,1686,797
1DOW_B.pdb,457,1398,454
2J9E_B.pdb,487,817,428
2RL3_A.pdb,2312,3317,1759
2V33_A.pdb,835,1355,603
1DF7_A.pdb,1307,2414,961
1CCZ_A.pdb,526,526,240
1GS5_A.pdb,2801,5572,2107
1MSO_B.pdb,344,688,340
1DME_A.pdb,328,629,328
2IX4_A.pdb,3581,6536,3180
3CIP_G.pdb,1032,1680,852
3CX5_J.pdb,946,1509,702
2QSQ_A.pdb,542,714,364
1BTQ_A.pdb,228,307,175
2O7C_A.pdb,4299,9278,3718
3CZZ_A.pdb,1349,3600,1071
1I2K_A.pdb,2883,5269,2283
2VHK_A.pdb,1918,3346,1380
1G2Z_A.pdb,435,1500,427
3D03_A.pdb,3006,5214,2183
1CA1_A.pdb,3073,4499,2160
2VN6_A.pdb,1202,1637,676
2IV1_A.pdb,1496,2879,1258
1FM0_D.pdb,923,1573,778
1C52_A.pdb,794,844,481
1JUV_A.pdb,2027,2878,1420
1G66_A.pdb,3026,6287,2055
2ZGW_A.pdb,2028,2524,1331
2Z4U_A.pdb,2655,4538,2007
2OX5_A.pdb,1174,2085,912
1CRZ_A.pdb,3249,5775,2648
1LTS_A.pdb,1813,2784,1357
1HTR_B.pdb,3040,4983,2315
1LMH_A.pdb,1495,2242,1044
1KS8_A.pdb,3138,5337,2613
1KAE_A.pdb,5082,11775,4184
2R2D_A.pdb,2928,4959,2218
1A9X_B.pdb,3446,5023,2564
1AJ8_A.pdb,3141,4728,2168
3ENU_A.pdb,1134,1678,1006
3APR_E.pdb,2922,5206,2234
3BF8_A.pdb,2264,3116,1411
1DQZ_A.pdb,2697,4636,2109
3EW1_B.pdb,1429,3611,1346
1JKE_C.pdb,1515,1930,1187
1KP6_A.pdb,966,2471,883
2NV6_A.pdb,2922,5359,2036
1K0I_A.pdb,3604,6462,3037
3FKA_B.pdb,641,733,373
1BQK_A.pdb,1349,2349,1077
1J57_A.pdb,1391,1819,1022
1NS5_B.pdb,1422,2951,1399
3FID_A.pdb,3364,5530,2146
2V3Q_A.pdb,4164,8081,3255
2Z0T_A.pdb,461,550,365
1IRS_A.pdb,998,1576,685
3GEU_A.pdb,1326,1851,1036
2PFZ_A.pdb,3166,5095,2396
2PA6_A.pdb,3707,4822,2476
1O08_A.pdb,1787,2661,1393
3BJ1_A.pdb,1523,3168,1188
1H2S_B.pdb,787,2616,763
2ZFZ_D.pdb,1075,2945,1008
1NKP_A.pdb,1250,3621,1049
1LMB_4.pdb,1069,2054,907
2PPO_A.pdb,1066,1661,781
2OFC_A.pdb,1446,2184,1026
1AIE_A.pdb,360,808,215
2RJ2_A.pdb,1171,1625,958
1FWU_A.pdb,477,575,398
1AG4_A.pdb,849,1074,700
1KFR_A.pdb,1654,2816,1586
1JM0_A.pdb,132,132,149
1D6G_A.pdb,203,300,250
2P86_A.pdb,1607,2987,1239
1F2U_A.pdb,1316,2303,1000
3DCK_A.pdb,611,961,280
1HP8_A.pdb,1143,2895,1037
1BOM_B.pdb,251,1142,334
1CBN_A.pdb,642,1585,722
1F9Y_A.pdb,798,1153,716
1G9Z_A.pdb,1118,1532,795
2NQL_A.pdb,2696,3790,1776
2P25_A.pdb,857,1087,444
3F48_A.pdb,3522,4750,1859
2MRB_A.pdb,204,307,204
1I4U_A.pdb,1394,1978,1101
2RN2_A.pdb,1553,2666,1121
1L8F_A.pdb,1898,3016,1428
3EDY_A.pdb,4451,7929,3481
2QQ4_A.pdb,1665,2578,1157
2W43_A.pdb,1465,1797,975
2OKT_A.pdb,1099,1183,715
1GOA_A.pdb,1467,2972,1166
3C9I_B.pdb,2813,11307,2497
1KBE_A.pdb,451,502,339
2UX6_A.pdb,1100,1686,721
2YV0_X.pdb,1385,2927,960
2OF3_A.pdb,2847,4334,2284
2QNK_A.pdb,2504,5089,2011
3BKZ_A.pdb,1581,2379,1125
3E08_C.pdb,2589,4415,2088
1CHM_A.pdb,3182,5462,2246
1FN9_A.pdb,4022,8156,3204
1B0B_A.pdb,1876,4896,1724
1GN8_A.pdb,1784,3418,1429
2VYW_A.pdb,1800,3222,1563
2QA9_E.pdb,2290,8323,1775
3CJK_B.pdb,602,642,440
1L2M_A.pdb,1157,1811,848
2Z8G_A.pdb,3682,6640,3285
1K4M_A.pdb,1977,3324,1477
2PTH_A.pdb,2011,3228,1251
1F20_A.pdb,4241,7430,2899
1JBS_A.pdb,1455,2514,1039
1G92_A.pdb,4004,39619,568
2Q2V_A.pdb,2718,5197,1939
1N7S_C.pdb,1226,5927,1225
3BEU_A.pdb,2448,5806,1462
2ZK9_X.pdb,1798,2690,1463
2IVG_A.pdb,1532,2731,1253
2VG0_A.pdb,2683,5836,2317
1GX7_D.pdb,1000,2789,1085
1HX0_A.pdb,4441,7196,3074
1IMO_A.pdb,917,1058,444
2K38_A.pdb,395,706,242
2Z9W_A.pdb,3783,6955,2739
1DDF_A.pdb,1301,1839,1007
3CTK_A.pdb,2256,3013,1521
3CG5_A.pdb,2834,5445,2344
1EQC_A.pdb,3679,5809,2635
2ZDO_D.pdb,556,980,512
1JZP_A.pdb,465,2512,465
1OA8_D.pdb,1407,2198,1058
2YVP_A.pdb,1575,2185,1067
3DT7_A.pdb,173,173,124
1LOV_A.pdb,1163,2718,874
1FSG_C.pdb,382,385,202
1GVR_A.pdb,3838,6293,2922
2RBK_A.pdb,2325,3493,1831
1LMT_A.pdb,1270,2182,792
1ITX_A.pdb,4250,7148,2964
1JAE_A.pdb,4228,7751,3272
2Q9O_A.pdb,3729,5423,2721
2OXF_A.pdb,2549,4496,2270
2NT0_A.pdb,2829,3340,1887
2QJJ_A.pdb,2935,3811,2339
1JYO_A.pdb,1236,2051,961
2RLT_A.pdb,760,909,530
3B50_A.pdb,3112,4847,2311
2QMT_A.pdb,542,755,321
2VU8_I.pdb,393,1594,455
1CMC_A.pdb,1014,2009,998
2MHR_A.pdb,1653,2767,1161
2ODI_A.pdb,1612,2047,1134
2V3Z_A.pdb,4287,6826,2877
1K7J_A.pdb,1599,2467,1498
1HTR_P.pdb,268,302,253
1JFL_A.pdb,1811,2633,1339
2INC_C.pdb,572,678,413
2RFW_A.pdb,3383,5721,2806
3CNK_A.pdb,285,285,152
1IUF_A.pdb,343,532,330
3GAL_B.pdb,1194,1846,797
1I1W_A.pdb,3997,6963,3015
2OB1_A.pdb,3556,5600,2465
2ZLZ_A.pdb,2722,3472,1743
3D30_A.pdb,983,1398,826
2Q35_A.pdb,2213,3403,1675
2V5M_A.pdb,2172,2658,1404
1EQ9_A.pdb,2008,3136,1193
1D2E_A.pdb,3443,5145,2409
1AK6_A.pdb,1521,1913,855
1BXV_A.pdb,939,1710,797
1CPQ_A.pdb,1721,5581,1640
2VYY_A.pdb,1066,2074,828
2QGI_A.pdb,2001,3125,1412
1DIN_A.pdb,1959,3286,1642
2UXQ_A.pdb,4136,7294,2976
2Z8I_B.pdb,2034,3710,1757
3F7J_A.pdb,2479,3650,1937
1JLI_A.pdb,1039,1193,923
1HG8_A.pdb,4037,9175,3379
2Z1Y_A.pdb,3755,5864,2621
1BTS_A.pdb,386,1066,370
1CHC_A.pdb,339,551,409
1GTO_A.pdb,839,2671,712
1NEP_A.pdb,913,1158,660
3BOH_A.pdb,1933,3319,1546
1AG9_A.pdb,1291,1945,731
1I2T_A.pdb,820,1550,661
2VU1_B.pdb,3483,6972,2978
1MK4_A.pdb,708,940,493
1LUG_A.pdb,1861,2403,1329
2QTR_B.pdb,747,1021,656
2NZ7_B.pdb,1091,1881,930
2P8I_A.pdb,1348,2243,855
2VB9_C.pdb,4352,8345,3543
1NKG_A.pdb,4334,6761,2950
1GX7_A.pdb,3580,5896,2377
2PES_A.pdb,2656,4413,2131
1JXC_A.pdb,748,1621,775
2JP3_A.pdb,1157,3916,1048
1B3A_A.pdb,447,450,238
1C02_A.pdb,1863,3569,1538
2ZNR_A.pdb,1545,2773,945
1L1C_A.pdb,623,979,536
2RKQ_A.pdb,1760,2927,1368
1B0Y_A.pdb,799,1253,647
2VXW_A.pdb,552,592,246
1FK5_A.pdb,1173,4790,1171
1GO9_A.pdb,774,3319,742
1GVD_A.pdb,321,518,367
1O7V_A.pdb,1348,2211,986
1CS6_A.pdb,2974,4299,1866
1GPI_A.pdb,4558,9565,3609
2RC7_B.pdb,3297,5482,2270
1J1N_A.pdb,3713,5402,2743
1BBG_A.pdb,423,746,360
2QPZ_A.pdb,573,638,376
1LSL_A.pdb,1043,1957,959
1C4Q_A.pdb,643,1616,715
1F3U_A.pdb,1318,2247,1088
1AB1_A.pdb,640,1548,623
1GU7_A.pdb,3400,6691,2923
2Z37_A.pdb,2604,4751,1937
1JFX_A.pdb,2242,4378,1539
2ODG_A.pdb,918,1343,672
1J9L_A.pdb,2039,3746,1639
1HO2_A.pdb,420,2219,420
3GDP_A.pdb,4712,7319,3603
1J7G_A.pdb,1215,1740,774
1NSC_A.pdb,2607,3874,1945
2QUL_A.pdb,2604,4365,2158
e4XED.pdb,695,830,487
1J09_A.pdb,4354,6785,3052
2W40_B.pdb,529,554,299
2QHD_A.pdb,1466,3075,1423
1DJR_F.pdb,663,969,635
3CX5_D.pdb,2585,4313,2063
3C7X_A.pdb,802,1019,489
3E0X_A.pdb,1098,1542,924
2ZKN_A.pdb,1271,2261,834
1AT0_A.pdb,899,1116,848
1BGV_A.pdb,4779,8313,3041
2JNR_A.pdb,0,0,0
2PV2_A.pdb,1243,2792,909
1NGL_A.pdb,1724,2347,1075
2PET_A.pdb,2380,4607,1585
3D3Y_A.pdb,807,807,572
1IUA_A.pdb,826,1470,789
1DUS_A.pdb,1228,1416,904
1HPI_A.pdb,545,1137,556
2OH5_A.pdb,2604,4874,2059
1B6G_A.pdb,2088,2923,1476
1EYH_A.pdb,1730,3248,1347
3CKG_A.pdb,2647,5293,2154
1NWZ_A.pdb,1375,2452,972
2RHW_A.pdb,1975,2751,1318
1FL2_A.pdb,2834,5191,2415
1AFW_B.pdb,4224,8258,3392
3CO1_A.pdb,0,0,0
1FW5_A.pdb,373,986,367
3B8F_B.pdb,1365,2158,1060
3BV4_A.pdb,3437,6399,2662
1ITV_A.pdb,1106,1347,710
2JB2_B.pdb,5498,10913,4313
2NTE_A.pdb,1485,2696,1380
2IQY_A.pdb,0,0,0
2NX0_A.pdb,1792,3818,1463
3G5T.pdb,4138,6437,3170
3E2T_A.pdb,2266,3149,1939
1O9R_A.pdb,1624,4519,1359
1FOB_A.pdb,2965,4662,2192
1DGW_A.pdb,1590,2882,1462
1K12_A.pdb,1616,2824,1222
2OR2_A.pdb,2058,3098,1493
1F46_B.pdb,1265,2116,969
2ZD2_A.pdb,2684,5756,2105
3CI5_G.pdb,1091,1824,865
1AMT.pdb,820,5225,820
2POR_A.pdb,3203,6787,2551
2QUD_A.pdb,559,1048,414
2J8G_A.pdb,2274,2983,1696
1GCI_A.pdb,3168,5155,2093
2P3J_A.pdb,1270,2100,883
1JI9_A.pdb,475,1177,475
2IPZ_A.pdb,356,594,296
2VH3_B.pdb,996,2073,1002
1OA2_A.pdb,2337,4079,1470
1JEK_A.pdb,600,2170,591
1KR7_A.pdb,1016,2037,818
1NYT_A.pdb,2591,4476,1991
3BCJ_A.pdb,1070,1449,604
1HZE_A.pdb,652,1013,708
1HZM_A.pdb,1793,3496,1264
2PY0_A.pdb,1347,2993,1171
1BHE_A.pdb,3707,6369,3113
3G5W_A.pdb,2496,3777,2165
8TFV_A.pdb,8391,393267,4894
1O82_A.pdb,859,2330,900
3CX5_A.pdb,4408,7404,3464
3CX5_H.pdb,913,1640,676
2Z57_A.pdb,2114,3090,1680
1JG7_A.pdb,2468,3517,2051
3C82_A.pdb,1861,3063,1377
3DHI_E.pdb,1100,1796,743
4ENG_A.pdb,2060,3021,1469
1NTV_A.pdb,1655,2452,780
2VP7_B.pdb,349,1093,278
2QC1_B.pdb,735,736,548
1KX2_A.pdb,602,883,623
3BI3_A.pdb,1415,2659,1201
1MTY_B.pdb,3796,7021,2988
1MRO_A.pdb,4730,8736,3900
1FLT_W.pdb,1210,2379,900
1C8U_A.pdb,2489,4335,1754
2V6K_A.pdb,1962,2966,1465
1BZ4_A.pdb,2005,4457,1707
1CSH_A.pdb,5233,11180,3577
1IT2_A.pdb,1093,1612,921
1CEM_A.pdb,3254,4979,2291
1NVM_B.pdb,3189,5480,2192
1CNZ_A.pdb,3720,6196,2521
3F5V_A.pdb,1314,2090,1187
2PMU_B.pdb,743,996,670
1CTJ_A.pdb,998,2002,977
2P8V_A.pdb,1174,1474,708
1J71_A.pdb,2564,4129,2261
3CRT_A.pdb,1371,1722,1017
3BIE_A.pdb,1654,2746,1280
3F17_A.pdb,1057,1572,836
1HQ0_A.pdb,2196,3542,1746
2PND_A.pdb,1007,1267,691
1B9P_A.pdb,511,1143,564
1GAI_A.pdb,4357,8169,3274
2IGI_A.pdb,1875,2864,1148
2J46_B.pdb,4691,9123,3969
1C3W_A.pdb,1385,1616,727
1G8Q_A.pdb,1091,2911,1189
2J43_A.pdb,1140,1500,856
1FSJ_B.pdb,1753,3724,1308
1KLQ_A.pdb,972,986,798
3DDC_A.pdb,1289,2176,1125
3C4P_B.pdb,1585,2712,1184
1JIW_P.pdb,3359,5066,2340
2VB1_A.pdb,2189,4358,1909
3FI5_A.pdb,1437,2558,1215
1AFB_1.pdb,1542,3179,1145
2POS_A.pdb,849,1696,738
1LLN_A.pdb,2484,3740,1792
3F6Q_B.pdb,0,0,0
1MKN_A.pdb,661,1061,619
1HH5_A.pdb,880,3236,846
3BN6_A.pdb,467,467,367
1GOF_A.pdb,5202,7366,3703
3PRN_A.pdb,2477,4606,1826
2Z7F_E.pdb,1597,2296,1386
1N2A_A.pdb,2051,3133,1635
2SFA_A.pdb,1986,4853,1893
2ZEX_A.pdb,607,625,452
2Z0J_A.pdb,1891,2813,1384
1JL6_A.pdb,1846,4641,1661
2Z56_B.pdb,605,910,501
1ETF_B.pdb,560,2328,545
1JLN_A.pdb,2519,4250,1497
3E4G_A.pdb,1970,2988,1438
1JRM_A.pdb,1294,2074,997
1ET1_A.pdb,541,1366,469
1ATZ_B.pdb,2039,3711,1189
1JDR_A.pdb,2801,4538,2297
2QXA_C.pdb,1951,3315,1459
2IWB_A.pdb,1220,1785,973
1KVD_A.pdb,505,1346,453
1GUD_A.pdb,2858,5390,2190
1LOI_A.pdb,0,0,0
1C9O_A.pdb,408,471,182
2J7Q_A.pdb,2101,3799,1507
1HFW_B.pdb,2630,4136,2144
2ZS0_D.pdb,1804,4929,1708
2R1U_A.pdb,2021,3989,1624
3GO5_A.pdb,2353,3175,1724
2PQC_A.pdb,4954,9858,3957
2OD4_A.pdb,380,600,317
3BEO_A.pdb,1518,1848,747
1A88_A.pdb,3169,6190,2842
3B7E_A.pdb,2668,4180,1969
3CX5_B.pdb,2295,3330,1779
3G8D_B.pdb,4124,5898,3081
2JFR_A.pdb,1776,4465,1830
2VUZ_A.pdb,1369,3182,1074
2J9I_A.pdb,4671,13764,4315
1CZ4_A.pdb,1713,2397,1179
2VDZ_A.pdb,3876,5623,2416
1B69_A.pdb,709,1157,734
3C4O_B.pdb,1533,2570,1172
2Q0L_A.pdb,2915,4660,1903
3C7Z_A.pdb,1840,3602,1358
2O1R_A.pdb,423,515,405
1GWY_A.pdb,986,1273,691
3F0U_X.pdb,1379,1909,972
2Q6U_A.pdb,3592,5791,2943
3B3T_A.pdb,2980,5904,2451
3CAG_A.pdb,944,2914,972
2ZPO_A.pdb,1435,3582,1167
1JU8_A.pdb,436,767,339
1BU7_A.pdb,4315,7123,3108
1F53_A.pdb,0,0,0
2SIC_I.pdb,945,2496,871
4UBP_C.pdb,5196,8730,3802
1G5A_A.pdb,5025,7927,3783
2P6H_A.pdb,1820,3496,1102
1N7S_D.pdb,1000,5961,1002
1G12_A.pdb,1840,4758,1639
3CAG_B.pdb,986,2457,924
1J0H_A.pdb,5303,7538,3580
1C75_A.pdb,993,3074,1082
1G29_1.pdb,2578,3187,1691
1CQ0_A.pdb,465,1643,329
1LUA_A.pdb,2875,4628,2003
1KAF_A.pdb,977,1896,880
1JI1_A.pdb,5876,8918,4195
1A92_A.pdb,736,1654,543
3B7I_A.pdb,2929,6349,2536
1K1Z_A.pdb,356,372,331
1IOW_A.pdb,3225,5225,2166
1JAY_A.pdb,2200,4194,1856
1E7L_A.pdb,1977,4729,2062
1DYT_A.pdb,1149,1865,928
2ZKD_A.pdb,2033,3666,1400
2ZDH_A.pdb,2430,3619,1915
2QDX_A.pdb,2484,3512,1717
2R3T_A.pdb,723,1047,434
1LWD_A.pdb,4017,6820,3228
1K50_A.pdb,708,1419,634
1C0P_A.pdb,2908,4626,2330
1NKP_B.pdb,1267,5441,1220
3CDR_A.pdb,1920,3701,1521
2PVQ_A.pdb,2245,3850,1751
1D7P_M.pdb,1114,1355,577
1J8Q_A.pdb,1610,3836,1502
1NEY_A.pdb,3324,6312,2906
3SIL_A.pdb,3303,5192,2395
3FOJ_A.pdb,1108,2214,961
2V0U_A.pdb,1313,2160,1031
2NRG_A.pdb,1124,1734,911
1DY5_A.pdb,1662,3744,1687
1LNI_A.pdb,875,2023,1036
1LJU_A.pdb,1066,1482,870
1BSM_A.pdb,1871,3326,1479
3DDT_A.pdb,0,0,0
3EWO_A.pdb,0,0,0
1BSL_B.pdb,3632,6854,2436
1M45_B.pdb,376,869,262
3DER_A.pdb,1966,2419,1109
1BUD_A.pdb,2010,3773,1782
2RA3_A.pdb,1744,2934,1478
3C81_A.pdb,1953,3484,1417
3CCD_A.pdb,893,1375,686
2VA4_A.pdb,2036,3416,1193
3G5P_A.pdb,2066,3506,1322
1HLQ_A.pdb,766,959,613
1AKO_A.pdb,2669,3840,1758
1JEK_B.pdb,530,1491,464
1J0P_A.pdb,483,580,465
7AHL_B.pdb,2797,5297,1499
1B2P_A.pdb,1114,1545,705
2QBT_A.pdb,3639,6082,2963
1O8V_A.pdb,1074,1814,894
1MTY_D.pdb,4401,6633,3221
2R9P_A.pdb,1955,2484,1250
2RL3_B.pdb,2095,3146,1652
1BF6_B.pdb,3040,5142,2452
3EZM_A.pdb,1369,3931,1235
1FR3_A.pdb,577,842,393
1EJD_A.pdb,3530,5672,2286
2Z51_A.pdb,1889,4197,1279
1NYC_A.pdb,162,162,122
351C_A.pdb,1067,2180,903
1H2E_A.pdb,2264,3972,1861
1GXG_A.pdb,1403,3339,1189
1AUO_A.pdb,2036,3336,1641
1DXG_A.pdb,293,432,204
2PVB_A.pdb,1195,2125,884
1AZP_A.pdb,814,1350,636
3C61_A.pdb,1052,1393,793
1IIJ_A.pdb,2848,7145,396
1BBY_A.pdb,843,941,603
1JK3_A.pdb,1052,1530,873
2OQA_A.pdb,1594,2735,1521
3D0P_A.pdb,559,698,391
1KDL_A.pdb,294,294,177
3FJ7_A.pdb,2147,4067,1862
3DAA_A.pdb,2700,4125,2258
3CJJ_A.pdb,1703,2791,1338
2RA7_A.pdb,1342,2645,1260
1KX5_A.pdb,1237,2880,1185
1M4L_A.pdb,2622,3986,1915
2R1H_A.pdb,1450,2406,995
2VCG_D.pdb,3394,6487,2751
2NTT_B.pdb,1398,1900,952
2QHL_C.pdb,993,1554,834
1NF9_A.pdb,1930,3437,1804
2VEK_B.pdb,2358,3525,1537
1DIX_A.pdb,1642,2647,1321
1AW7_A.pdb,1998,2897,1430
1D2V_A.pdb,1133,2615,996
3EFI_A.pdb,1810,2528,1312
1B63_A.pdb,973,1369,688
1ABA_A.pdb,760,1112,630
2INC_B.pdb,3513,6947,2762
2ODG_C.pdb,909,2521,805
1LPL_A.pdb,489,517,264
1HD2_A.pdb,1434,2365,1100
1BI6_H.pdb,155,155,155
1C44_A.pdb,1371,2305,1190
2Z1Y_B.pdb,4112,6375,2912
1M4I_A.pdb,1971,3500,1499
2OMU_B.pdb,0,0,0
1FGY_A.pdb,1086,1725,743
2QY1_A.pdb,3174,5418,2069
1FLT_X.pdb,549,773,293
1M2K_A.pdb,2565,4416,1953
1BG4_A.pdb,3501,6635,2515
1GUR_A.pdb,5882,21654,3820
1NPS_A.pdb,795,1472,763
1A3H_A.pdb,2727,4565,2186
2J6C_A.pdb,950,1509,787
2OR7_B.pdb,1050,1563,929
1JXK_A.pdb,3956,6549,3032
1EWI_A.pdb,1078,1784,789
8RUC_I.pdb,830,1166,624
2IXT_B.pdb,2911,5094,2194
3CB7_A.pdb,922,1094,610
1N13_B.pdb,931,1430,609
1CYQ_A.pdb,1482,3246,1411
3GA3_A.pdb,952,1181,509
3GMX_A.pdb,1036,2219,1138
3CT5_A.pdb,1359,1942,824
2QCU_B.pdb,4191,6965,3180
1JHD_A.pdb,3244,5409,2492
2OYA_A.pdb,1183,2686,932
1ESJ_A.pdb,0,0,0
3EO6_A.pdb,1249,2795,1047
1KO3_A.pdb,2099,3554,1518
2RH3_A.pdb,1314,2525,1071
3C7Y_A.pdb,1812,3340,1492
1FE4_A.pdb,681,1250,528
1ETA_1.pdb,1091,1420,595
1E29_A.pdb,1049,1885,1097
2IK0_B.pdb,1791,2476,1421
1F8D_A.pdb,2765,4597,2206
2PMK_A.pdb,1692,3135,1514
1BYI_A.pdb,2399,3932,1815
1F5J_A.pdb,2022,3514,1371
1DLW_A.pdb,1375,4153,1362
5NUL_A.pdb,1177,1927,936
3CQL_A.pdb,2043,3141,1636
1KTN_A.pdb,2127,3280,1702
1A2Z_A.pdb,1460,1673,960
2JOD_B.pdb,349,359,284
2VO4_A.pdb,1827,2440,1489
2Z57_B.pdb,567,923,484
1J8R_A.pdb,726,916,511
3B3W_A.pdb,3277,6736,2627
3C4E_A.pdb,1856,2389,1372
2IXL_C.pdb,1112,1253,576
1AMM_A.pdb,1158,1901,964
2NPL_X.pdb,1441,3142,1261
1HP9_A.pdb,390,1208,375
1B71_A.pdb,1808,3361,1389
3BLP_X.pdb,4616,7743,3343
1IRL_A.pdb,1752,3117,1523
1EB6_A.pdb,1905,4130,1503
2ZBO_A.pdb,1184,3744,1180
2QSK_A.pdb,1149,3964,1160
1KAB_A.pdb,1355,2554,983
6RLX_A.pdb,150,150,122
1EQ6_A.pdb,1697,2513,1004
1HBN_B.pdb,4065,6700,3104
3VUB_A.pdb,801,1514,663
2V8I_A.pdb,4421,6487,3427
2J3P_A.pdb,868,1229,698
1C1Y_B.pdb,851,1454,644
3DQY_A.pdb,295,406,191
2RJV_A.pdb,612,1395,480
3DHM_A.pdb,0,0,0
2PBK_A.pdb,2364,4261,1541
1NBC_A.pdb,1619,2557,1220
1HJS_A.pdb,2509,3723,1980
3EZA_A.pdb,3577,6708,2584
1EMZ_A.pdb,362,1035,371
1M40_A.pdb,3325,5864,2379
2JHX_A.pdb,722,1015,487
1GKP_A.pdb,3714,4737,2256
3BXU_A.pdb,922,3197,859
1D4U_A.pdb,761,816,472
1HLL_A.pdb,374,508,358
3CHO_A.pdb,5175,7474,3926
2NXG_A.pdb,1965,2599,1352
1I60_A.pdb,2216,3071,1492
1GWM_A.pdb,1215,1669,812
2NLS_A.pdb,435,1323,377
1DJ0_A.pdb,2423,3561,1755
1L4T_A.pdb,277,304,277
3F0I_A.pdb,0,0,0
1GK7_A.pdb,559,1144,395
3BS1_A.pdb,514,645,238
3CX5_G.pdb,1434,3308,1386
1KPT_A.pdb,1225,3260,1121
1LWB_A.pdb,1876,4032,1683
1GVU_A.pdb,3130,6388,2484
1NLS_A.pdb,1935,3289,1474
1MD6_A.pdb,1226,1592,766
2O4V_A.pdb,3668,6578,2602
7AAT_A.pdb,4099,7034,3360
1NQ6_A.pdb,3531,7684,2718
1GQ8_A.pdb,3345,6047,2817
1GBS_A.pdb,1747,3179,1434
2JGO_A.pdb,440,1094,406
1C8C_A.pdb,612,950,397
3CDV_A.pdb,1791,3422,1511
2R2N_A.pdb,3983,6857,3114
1IAB_A.pdb,1306,1795,832
3C8Q_A.pdb,1931,3868,1561
1CTO_A.pdb,401,401,287
1A4M_A.pdb,2587,3548,1830
1F08_A.pdb,1203,1818,957
2NSP_A.pdb,3712,6631,3107
1BSG_A.pdb,2887,6216,2503
1HSL_A.pdb,2409,4080,1968
2QFA_B.pdb,728,1597,733
1GU2_A.pdb,1489,3468,1173
2ZP5_A.pdb,1494,2901,1308
1GMX_A.pdb,1152,1777,870
2TGI_A.pdb,1040,1768,715
2W0G_A.pdb,1372,2208,1122
3E48_B.pdb,2278,4298,2090
1LU0_A.pdb,365,883,343
2P3K_A.pdb,1252,1841,791
1B11_A.pdb,973,1280,633
2O04_A.pdb,4125,7808,3418
1KQP_A.pdb,3678,6651,2782
3CJK_A.pdb,786,1183,518
2V7X_A.pdb,2536,3806,1805
2P1H_A.pdb,979,1530,736
3GBA_A.pdb,2317,3535,1747
1J31_A.pdb,935,1011,623
1G8S_A.pdb,1049,1232,801
2IS9_A.pdb,1673,2701,1400
3CDQ_A.pdb,1802,2948,1299
2V9V_A.pdb,1968,3362,1605
2ZP4_A.pdb,1491,3348,1323
1DMC_A.pdb,489,1267,489
2VKJ_A.pdb,1036,1910,796
1GX6_A.pdb,6001,12150,4596
2VIA_A.pdb,3982,6686,2924
1EU3_A.pdb,1663,2795,1309
2V3Y_A.pdb,3932,6713,2887
1DJP_A.pdb,3141,5302,2333
2ZFZ_A.pdb,1044,2505,873
3NUL_A.pdb,781,1491,706
1BIO_A.pdb,2704,6148,2147
1GY2_A.pdb,1016,1799,664
2VGP_D.pdb,567,1165,550
1HZN_A.pdb,399,935,415
1A8E_A.pdb,2819,3949,2063
1LJ9_A.pdb,2107,4713,1580
1MUN_A.pdb,2098,3600,1791
1BS4_A.pdb,1525,2604,1226
1MOL_A.pdb,739,959,560
1KYF_A.pdb,2566,3682,2003
1KTA_A.pdb,3025,4346,1856
2QHT_A.pdb,1706,2796,1480
3B7A_A.pdb,913,1621,910
1LYQ_B.pdb,872,1321,681
2ZFZ_B.pdb,1064,2434,977
2ZW1_A.pdb,430,500,221
2JL1_A.pdb,3106,5382,2354
1JKM_B.pdb,3926,7885,3338
2SAK_A.pdb,453,562,261
1D2V_C.pdb,4010,5018,2732
1CZT_A.pdb,191,191,97
2QWO_B.pdb,930,1583,746
1KEX_A.pdb,612,840,442
2Z9X_A.pdb,3603,6914,3027
2V6A_I.pdb,1032,1985,1072
1LYP_A.pdb,407,868,505
1EEJ_A.pdb,2056,3862,1745
1M0S_A.pdb,1986,2938,1403
3EGV_A.pdb,2202,3195,1517
3CAY_A.pdb,308,1722,305
3E08_G.pdb,2582,5093,2328
1NEQ_A.pdb,1116,2634,1131
2IN0_A.pdb,1380,1870,962
2OGF_B.pdb,639,1079,627
1NG6_A.pdb,1966,3831,1398
3FWG_B.pdb,3750,5725,2999
1H32_A.pdb,3119,6729,2254
2V8L_A.pdb,703,902,540
1DP7_P.pdb,808,1205,587
2Z30_A.pdb,2277,3232,1936
1J2M_A.pdb,860,1283,931
1GXM_B.pdb,2966,5422,2566
1HQS_A.pdb,3927,6299,2975
2QIA_A.pdb,2706,4310,1767
3CX5_E.pdb,2143,5194,1441
2UXY_A.pdb,3595,7696,2649
2YQU_A.pdb,3841,5926,2871
1C05_A.pdb,1968,4002,1739
1DQI_A.pdb,791,1031,388
1MK0_A.pdb,827,1433,519
1DFM_A.pdb,1973,3025,1634
1AGJ_A.pdb,2232,2783,1439
3ECM_A.pdb,3910,7038,3209
1E4D_C.pdb,1846,2611,1595
3DEO_A.pdb,1764,3295,1344
1IU8_A.pdb,1649,2823,1438
1H6Q_A.pdb,959,1035,489
3BGX_A.pdb,2533,4015,1843
1AOZ_A.pdb,3799,4902,2504
1FS5_A.pdb,2795,5228,2538
2W5R_A.pdb,2745,3723,2285
1H4G_B.pdb,2330,4741,1469
2UUY_B.pdb,313,416,241
2P26_A.pdb,2886,5569,2343
2JFZ_A.pdb,2070,3153,1649
1DK8_A.pdb,1653,2642,1445
2W11_A.pdb,1108,1436,778
2QXU_A.pdb,1978,4220,1702
3EIP_A.pdb,718,995,475
1KOP_A.pdb,1733,2612,1142
1HBZ_A.pdb,5341,9721,4059
2QQR_A.pdb,769,933,412
2VKF_A.pdb,679,1067,329
