filename,ca1ResNum,ca1X,ca1Y,ca1Z,ca2ResNum,ca2X,ca2Y,ca2Z,centerX,centerY,centerZ,ca1resName,ca2resName,NPCcount,uniqueAtomsInDDD
2Q0L_A.pdb,128,-8.488,-8.76,39.687,125,-10.192,-13.3,39.669,-9.34,-11.03,39.678,LYS,TYR,19,144
2Q0L_A.pdb,191,14.256,-12.597,54.532,194,8.746,-13.748,53.732,11.501,-13.1725,54.132,ASN,ILE,21,148
2Q0L_A.pdb,21,3.243,0.647,7.596,24,6.131,2.495,3.71,4.687,1.571,5.653,THR,GLY,17,131
2Q0L_A.pdb,254,13.425,-22.343,12.096,246,9.208,-22.401,14.668,11.3165,-22.372,13.382,LEU,LEU,26,158
2Q0L_A.pdb,245,5.431,-21.916,14.999,84,6.456,-20.476,9.655,5.9435,-21.196,12.327,VAL,VAL,31,183
2Q0L_A.pdb,30,-0.956,-9.029,11.385,75,-4.34,-5.752,7.619,-2.648,-7.3905,9.502,LEU,LYS,30,173
2Q0L_A.pdb,139,3.114,-1.797,43.636,142,2.581,-1.551,48.707,2.8475,-1.674,46.1715,PHE,LYS,27,145
2Q0L_A.pdb,290,4.261,-3.567,27.086,294,6.371,-2.319,21.68,5.316,-2.943,24.383,VAL,ALA,25,169
2Q0L_A.pdb,163,9.038,-8.415,49.951,159,8.724,-13.365,46.523,8.881,-10.89,48.237,ALA,ALA,34,212
2Q0L_A.pdb,20,6.19,-1.088,9.235,23,7.725,3.212,7.082,6.9575,1.062,8.1585,ALA,GLY,18,141
2Q0L_A.pdb,246,9.208,-22.401,14.668,243,7.725,-20.939,19.981,8.4665,-21.67,17.3245,LEU,ASN,32,180
2Q0L_A.pdb,148,3.009,-16.14,46.072,170,3.46,-15.647,52.084,3.2345,-15.8935,49.078,VAL,TYR,46,216
2Q0L_A.pdb,171,5.4,-18.077,49.903,195,6.753,-16.427,55.55,6.0765,-17.252,52.7265,LEU,GLU,39,178
2Q0L_A.pdb,283,12.908,-13.152,22.367,280,8.412,-9.098,22.524,10.66,-11.125,22.4455,ARG,GLY,24,197
2Q0L_A.pdb,147,0.744,-14.562,48.666,234,0.827,-14.087,42.512,0.7855,-14.3245,45.589,ALA,PHE,50,216
2Q0L_A.pdb,181,18.871,-22.022,42.824,184,17.949,-17.885,46.025,18.41,-19.9535,44.4245,ALA,THR,20,134
2Q0L_A.pdb,275,14.264,-11.869,6.541,106,8.339,-12.29,8.995,11.3015,-12.0795,7.768,GLY,VAL,44,198
2Q0L_A.pdb,129,-6.006,-9.751,42.387,233,-2.115,-13.591,44.873,-4.0605,-11.671,43.63,GLY,PHE,36,191
2Q0L_A.pdb,184,17.949,-17.885,46.025,188,14.324,-16.058,50.81,16.1365,-16.9715,48.4175,THR,ALA,34,196
2Q0L_A.pdb,206,-12.091,-16.189,47.214,214,-8.704,-14.572,50.792,-10.3975,-15.3805,49.003,LYS,SER,28,171
2Q0L_A.pdb,258,18.266,-20.252,23.816,262,13.333,-18.026,23.353,15.7995,-19.139,23.5845,ASP,SER,25,158
2Q0L_A.pdb,193,9.269,-10.32,55.357,169,4.798,-12.141,51.48,7.0335,-11.2305,53.4185,LYS,VAL,31,183
2Q0L_A.pdb,186,18.861,-19.082,51.113,190,16.627,-15.376,55.586,17.744,-17.229,53.3495,GLU,ASN,16,121
2Q0L_A.pdb,138,3.355,-5.459,42.791,134,5.066,-8.771,39.875,4.2105,-7.115,41.333,GLY,ALA,39,171
2Q0L_A.pdb,16,5.603,-3.612,14.459,12,4.943,-6.251,19.955,5.273,-4.9315,17.207,ALA,ALA,26,209
2Q0L_A.pdb,43,-5.811,-7.16,33.715,58,-5.958,-3.588,29.989,-5.8845,-5.374,31.852,SER,GLY,20,166
2Q0L_A.pdb,218,-4.477,-26.952,53.05,201,-1.913,-26.351,48.381,-3.195,-26.6515,50.7155,LYS,VAL,28,179
2J43_A.pdb,161,33.48,15.307,43.904,122,28.448,13.794,43.823,30.964,14.5505,43.8635,ALA,TYR,34,194
2J43_A.pdb,210,25.648,6.913,41.584,123,29.756,10.392,44.942,27.702,8.6525,43.263,ASP,HIS,21,155
2J43_A.pdb,185,23.358,10.58,23.091,188,25.487,11.322,28.612,24.4225,10.951,25.8515,GLY,ILE,22,138
2J43_A.pdb,30,23.135,13.793,77.96,72,21.764,16.768,74.108,22.4495,15.2805,76.034,TRP,SER,28,164
2J43_A.pdb,27,30.548,20.709,77.657,45,33.854,17.682,79.663,32.201,19.1955,78.66,LEU,ILE,23,153
2J43_A.pdb,140,21.336,29.594,39.371,138,16.458,27.247,37.181,18.897,28.4205,38.276,VAL,LYS,28,175
2J43_A.pdb,57,36.805,24.644,68.029,13,31.587,24.935,67.574,34.196,24.7895,67.8015,TYR,PHE,36,187
2J43_A.pdb,160,32.804,12.737,46.605,157,35.876,16.684,49.029,34.34,14.7105,47.817,GLY,GLY,22,134
2J43_A.pdb,33,26.249,9.576,74.915,31,21.011,11.548,75.803,23.63,10.562,75.359,VAL,GLY,22,157
2INC_B.pdb,97,95.859,-3.764,18.95,101,99.082,-0.694,14.576,97.4705,-2.229,16.763,VAL,PHE,36,193
2INC_B.pdb,260,93.748,-15.318,24.311,257,97.645,-12.677,21.638,95.6965,-13.9975,22.9745,ASP,GLN,26,185
2INC_B.pdb,99,95.619,1.459,18.116,103,100.059,4.71,16.206,97.839,3.0845,17.161,GLY,GLN,16,131
2INC_B.pdb,163,91.122,-16.327,13.254,167,94.078,-11.658,10.772,92.6,-13.9925,12.013,LEU,THR,21,158
2INC_B.pdb,96,94.154,-1.799,21.745,100,99.142,-0.032,18.282,96.648,-0.9155,20.0135,TYR,L